GapZ,100.00,Ohms,,,,
Source,0.00,dBm,,,,
,1.0E-3,W,,,,
Port1 Z,50.0E+0,Ohms,,,,Gap has 39–3.9KΩ resistors connected in parallel.
Port1 V,223.6E-3,V,,,,Cal input has 1KΩ in series with gap Impedance.
CalZ,983.00,Ohms,,,,Output has 20dB attenuator and 80dB amplifier.
Cal_Iin,227.5E-6,A,,,,
Port2 Z,50.0E+0,,,,,Vcal = CalZ / (CalZ+ CalR)* Ibeam
,,,,,,
# Channel 1,,,,,,
# Trace 1,,,,100.0E-3,,
Frequency,S21 Magnitude (dB),S21Linear Ratio (Vout/Vcal),Vout/Ibeam,Vout,,
5.0E+0,-89.95,31.8E-6,28.9E-6,2.9E-6,,
5.1E+0,-88.48,37.7E-6,34.2E-6,3.4E-6,,
5.1E+0,-90.02,31.5E-6,28.6E-6,2.9E-6,,
5.2E+0,-89.42,33.8E-6,30.7E-6,3.1E-6,,
5.3E+0,-92.58,23.5E-6,21.3E-6,2.1E-6,,
5.4E+0,-92.85,22.8E-6,20.7E-6,2.1E-6,,
5.4E+0,-87.23,43.5E-6,39.5E-6,3.9E-6,,
5.5E+0,-89.51,33.4E-6,30.4E-6,3.0E-6,,
5.6E+0,-90.03,31.5E-6,28.6E-6,2.9E-6,,
5.7E+0,-89.75,32.5E-6,29.5E-6,3.0E-6,,
5.7E+0,-90.37,30.3E-6,27.5E-6,2.7E-6,,
5.8E+0,-89.27,34.4E-6,31.2E-6,3.1E-6,,
5.9E+0,-91.63,26.2E-6,23.8E-6,2.4E-6,,
6.0E+0,-91.54,26.5E-6,24.1E-6,2.4E-6,,
6.0E+0,-86.59,46.8E-6,42.5E-6,4.3E-6,,
6.1E+0,-90.07,31.4E-6,28.5E-6,2.8E-6,,
6.2E+0,-87.75,41.0E-6,37.2E-6,3.7E-6,,
6.3E+0,-92.28,24.3E-6,22.1E-6,2.2E-6,,
6.3E+0,-89.50,33.5E-6,30.4E-6,3.0E-6,,
6.4E+0,-91.40,26.9E-6,24.4E-6,2.4E-6,,
6.5E+0,-88.70,36.7E-6,33.4E-6,3.3E-6,,
6.6E+0,-95.35,17.1E-6,15.5E-6,1.6E-6,,
6.6E+0,-90.07,31.4E-6,28.5E-6,2.8E-6,,
6.7E+0,-94.92,17.9E-6,16.3E-6,1.6E-6,,
6.8E+0,-92.61,23.4E-6,21.3E-6,2.1E-6,,
6.9E+0,-95.53,16.7E-6,15.2E-6,1.5E-6,,
6.9E+0,-92.74,23.1E-6,20.9E-6,2.1E-6,,
7.0E+0,-92.62,23.4E-6,21.2E-6,2.1E-6,,
7.2E+0,-90.39,30.3E-6,27.5E-6,2.7E-6,,
7.3E+0,-91.59,26.3E-6,23.9E-6,2.4E-6,,
7.4E+0,-91.45,26.8E-6,24.3E-6,2.4E-6,,
7.5E+0,-87.91,40.2E-6,36.5E-6,3.7E-6,,
7.6E+0,-90.31,30.5E-6,27.7E-6,2.8E-6,,
7.7E+0,-98.11,12.4E-6,11.3E-6,1.1E-6,,
7.8E+0,-92.24,24.4E-6,22.2E-6,2.2E-6,,
7.9E+0,-91.87,25.5E-6,23.2E-6,2.3E-6,,
8.0E+0,-90.43,30.1E-6,27.3E-6,2.7E-6,,
8.1E+0,-99.22,10.9E-6,9.9E-6,992.7E-9,,
8.2E+0,-90.75,29.0E-6,26.3E-6,2.6E-6,,
8.3E+0,-94.76,18.3E-6,16.6E-6,1.7E-6,,
8.4E+0,-92.15,24.7E-6,22.4E-6,2.2E-6,,
8.5E+0,-89.95,31.8E-6,28.9E-6,2.9E-6,,
8.6E+0,-92.11,24.8E-6,22.5E-6,2.3E-6,,
8.7E+0,-93.20,21.9E-6,19.9E-6,2.0E-6,,
8.8E+0,-92.06,25.0E-6,22.6E-6,2.3E-6,,
8.9E+0,-97.29,13.7E-6,12.4E-6,1.2E-6,,
9.0E+0,-91.45,26.8E-6,24.3E-6,2.4E-6,,
9.1E+0,-91.83,25.6E-6,23.3E-6,2.3E-6,,
9.2E+0,-89.32,34.2E-6,31.0E-6,3.1E-6,,
9.3E+0,-88.70,36.7E-6,33.3E-6,3.3E-6,,
9.4E+0,-93.73,20.6E-6,18.7E-6,1.9E-6,,
9.5E+0,-92.08,24.9E-6,22.6E-6,2.3E-6,,
9.6E+0,-90.49,29.9E-6,27.1E-6,2.7E-6,,
9.8E+0,-92.34,24.2E-6,21.9E-6,2.2E-6,,
9.9E+0,-92.49,23.7E-6,21.5E-6,2.2E-6,,
10.1E+0,-90.61,29.5E-6,26.8E-6,2.7E-6,,
10.2E+0,-98.02,12.6E-6,11.4E-6,1.1E-6,,
10.4E+0,-91.14,27.7E-6,25.2E-6,2.5E-6,,
10.5E+0,-90.30,30.6E-6,27.7E-6,2.8E-6,,
10.6E+0,-91.32,27.1E-6,24.6E-6,2.5E-6,,
10.8E+0,-89.89,32.0E-6,29.1E-6,2.9E-6,,
10.9E+0,-96.84,14.4E-6,13.1E-6,1.3E-6,,
11.1E+0,-90.50,29.9E-6,27.1E-6,2.7E-6,,
11.2E+0,-91.19,27.6E-6,25.0E-6,2.5E-6,,
11.4E+0,-96.60,14.8E-6,13.4E-6,1.3E-6,,
11.5E+0,-95.20,17.4E-6,15.8E-6,1.6E-6,,
11.6E+0,-88.74,36.6E-6,33.2E-6,3.3E-6,,
11.8E+0,-105.56,5.3E-6,4.8E-6,478.4E-9,,
11.9E+0,-89.24,34.5E-6,31.3E-6,3.1E-6,,
12.1E+0,-88.92,35.8E-6,32.5E-6,3.3E-6,,
12.2E+0,-92.72,23.1E-6,21.0E-6,2.1E-6,,
12.3E+0,-105.26,5.5E-6,5.0E-6,495.3E-9,,
12.5E+0,-92.94,22.5E-6,20.5E-6,2.0E-6,,
12.6E+0,-88.36,38.2E-6,34.7E-6,3.5E-6,,
12.8E+0,-92.04,25.0E-6,22.7E-6,2.3E-6,,
12.9E+0,-88.52,37.5E-6,34.0E-6,3.4E-6,,
13.1E+0,-93.39,21.4E-6,19.4E-6,1.9E-6,,
13.2E+0,-89.63,33.0E-6,29.9E-6,3.0E-6,,
13.4E+0,-93.42,21.3E-6,19.4E-6,1.9E-6,,
13.6E+0,-90.90,28.5E-6,25.9E-6,2.6E-6,,
13.8E+0,-93.28,21.7E-6,19.7E-6,2.0E-6,,
14.0E+0,-95.18,17.4E-6,15.8E-6,1.6E-6,,
14.2E+0,-89.65,32.9E-6,29.9E-6,3.0E-6,,
14.4E+0,-94.85,18.1E-6,16.4E-6,1.6E-6,,
14.6E+0,-88.19,39.0E-6,35.4E-6,3.5E-6,,
14.8E+0,-90.99,28.2E-6,25.6E-6,2.6E-6,,
15.0E+0,-88.63,37.0E-6,33.6E-6,3.4E-6,,
15.2E+0,-91.48,26.7E-6,24.2E-6,2.4E-6,,
15.4E+0,-89.57,33.2E-6,30.1E-6,3.0E-6,,
15.6E+0,-95.47,16.8E-6,15.3E-6,1.5E-6,,
15.8E+0,-90.65,29.4E-6,26.6E-6,2.7E-6,,
16.0E+0,-97.64,13.1E-6,11.9E-6,1.2E-6,,
16.2E+0,-109.39,3.4E-6,3.1E-6,307.8E-9,,
16.4E+0,-93.53,21.1E-6,19.1E-6,1.9E-6,,
16.6E+0,-88.36,38.2E-6,34.7E-6,3.5E-6,,
16.8E+0,-94.93,17.9E-6,16.3E-6,1.6E-6,,
17.0E+0,-89.59,33.2E-6,30.1E-6,3.0E-6,,
17.2E+0,-86.66,46.5E-6,42.2E-6,4.2E-6,,
17.4E+0,-96.12,15.6E-6,14.2E-6,1.4E-6,,
17.5E+0,-90.69,29.2E-6,26.5E-6,2.6E-6,,
17.7E+0,-98.38,12.1E-6,10.9E-6,1.1E-6,,
17.9E+0,-94.11,19.7E-6,17.9E-6,1.8E-6,,
18.1E+0,-93.48,21.2E-6,19.2E-6,1.9E-6,,
18.4E+0,-87.31,43.1E-6,39.1E-6,3.9E-6,,
18.6E+0,-89.84,32.2E-6,29.2E-6,2.9E-6,,
18.9E+0,-85.50,53.1E-6,48.2E-6,4.8E-6,,
19.2E+0,-89.25,34.5E-6,31.3E-6,3.1E-6,,
19.5E+0,-98.29,12.2E-6,11.0E-6,1.1E-6,,
19.7E+0,-85.35,54.0E-6,49.0E-6,4.9E-6,,
20.0E+0,-95.18,17.4E-6,15.8E-6,1.6E-6,,
20.3E+0,-87.91,40.2E-6,36.5E-6,3.7E-6,,
20.6E+0,-90.31,30.5E-6,27.7E-6,2.8E-6,,
20.8E+0,-94.17,19.6E-6,17.8E-6,1.8E-6,,
21.1E+0,-85.01,56.2E-6,51.0E-6,5.1E-6,,
21.4E+0,-90.19,30.9E-6,28.1E-6,2.8E-6,,
21.6E+0,-88.93,35.8E-6,32.5E-6,3.2E-6,,
21.9E+0,-88.11,39.3E-6,35.7E-6,3.6E-6,,
22.2E+0,-85.04,56.0E-6,50.8E-6,5.1E-6,,
22.5E+0,-87.37,42.8E-6,38.8E-6,3.9E-6,,
22.7E+0,-94.72,18.4E-6,16.7E-6,1.7E-6,,
23.0E+0,-91.82,25.6E-6,23.3E-6,2.3E-6,,
23.3E+0,-91.64,26.2E-6,23.8E-6,2.4E-6,,
23.6E+0,-88.64,37.0E-6,33.6E-6,3.4E-6,,
23.8E+0,-95.06,17.7E-6,16.0E-6,1.6E-6,,
24.1E+0,-92.19,24.6E-6,22.3E-6,2.2E-6,,
24.4E+0,-85.30,54.3E-6,49.3E-6,4.9E-6,,
24.6E+0,-89.67,32.9E-6,29.8E-6,3.0E-6,,
24.9E+0,-88.04,39.6E-6,36.0E-6,3.6E-6,,
25.2E+0,-89.39,33.9E-6,30.8E-6,3.1E-6,,
25.5E+0,-98.20,12.3E-6,11.2E-6,1.1E-6,,
25.9E+0,-90.48,29.9E-6,27.2E-6,2.7E-6,,
26.3E+0,-100.85,9.1E-6,8.2E-6,822.6E-9,,
26.6E+0,-94.72,18.4E-6,16.7E-6,1.7E-6,,
27.0E+0,-86.77,45.9E-6,41.7E-6,4.2E-6,,
27.4E+0,-96.91,14.3E-6,13.0E-6,1.3E-6,,
27.8E+0,-90.08,31.3E-6,28.4E-6,2.8E-6,,
28.2E+0,-94.20,19.5E-6,17.7E-6,1.8E-6,,
28.5E+0,-87.81,40.7E-6,36.9E-6,3.7E-6,,
28.9E+0,-90.88,28.6E-6,25.9E-6,2.6E-6,,
29.3E+0,-94.90,18.0E-6,16.3E-6,1.6E-6,,
29.7E+0,-89.67,32.8E-6,29.8E-6,3.0E-6,,
30.1E+0,-92.01,25.1E-6,22.8E-6,2.3E-6,,
30.4E+0,-97.41,13.5E-6,12.2E-6,1.2E-6,,
30.8E+0,-95.94,16.0E-6,14.5E-6,1.4E-6,,
31.2E+0,-85.62,52.3E-6,47.5E-6,4.7E-6,,
31.6E+0,-92.65,23.3E-6,21.2E-6,2.1E-6,,
32.0E+0,-96.54,14.9E-6,13.5E-6,1.4E-6,,
32.3E+0,-89.20,34.7E-6,31.5E-6,3.1E-6,,
32.7E+0,-100.59,9.3E-6,8.5E-6,847.7E-9,,
33.1E+0,-97.45,13.4E-6,12.2E-6,1.2E-6,,
33.5E+0,-97.76,12.9E-6,11.7E-6,1.2E-6,,
33.8E+0,-87.06,44.3E-6,40.2E-6,4.0E-6,,
34.2E+0,-93.03,22.3E-6,20.3E-6,2.0E-6,,
34.6E+0,-97.15,13.9E-6,12.6E-6,1.3E-6,,
35.0E+0,-92.54,23.6E-6,21.4E-6,2.1E-6,,
35.4E+0,-90.85,28.7E-6,26.0E-6,2.6E-6,,
36.0E+0,-98.71,11.6E-6,10.5E-6,1.1E-6,,
36.5E+0,-90.06,31.4E-6,28.5E-6,2.9E-6,,
37.0E+0,-95.88,16.1E-6,14.6E-6,1.5E-6,,
37.5E+0,-92.31,24.2E-6,22.0E-6,2.2E-6,,
38.1E+0,-85.13,55.4E-6,50.3E-6,5.0E-6,,
38.6E+0,-109.06,3.5E-6,3.2E-6,319.7E-9,,
39.1E+0,-96.48,15.0E-6,13.6E-6,1.4E-6,,
39.6E+0,-89.34,34.1E-6,31.0E-6,3.1E-6,,
40.2E+0,-90.22,30.8E-6,28.0E-6,2.8E-6,,
40.7E+0,-86.75,45.9E-6,41.7E-6,4.2E-6,,
41.2E+0,-95.35,17.1E-6,15.5E-6,1.6E-6,,
41.7E+0,-98.41,12.0E-6,10.9E-6,1.1E-6,,
42.3E+0,-86.08,49.7E-6,45.1E-6,4.5E-6,,
42.8E+0,-86.60,46.8E-6,42.4E-6,4.2E-6,,
43.3E+0,-92.45,23.9E-6,21.7E-6,2.2E-6,,
43.8E+0,-96.21,15.5E-6,14.0E-6,1.4E-6,,
44.4E+0,-92.21,24.5E-6,22.3E-6,2.2E-6,,
44.9E+0,-84.33,60.7E-6,55.1E-6,5.5E-6,,
45.4E+0,-83.72,65.2E-6,59.1E-6,5.9E-6,,
46.0E+0,-80.64,92.9E-6,84.3E-6,8.4E-6,,
46.5E+0,-84.57,59.1E-6,53.6E-6,5.4E-6,,
47.0E+0,-78.87,113.9E-6,103.4E-6,10.3E-6,,
47.5E+0,-83.60,66.0E-6,59.9E-6,6.0E-6,,
48.1E+0,-80.26,97.1E-6,88.1E-6,8.8E-6,,
48.6E+0,-78.70,116.1E-6,105.4E-6,10.5E-6,,
49.2E+0,-84.97,56.4E-6,51.2E-6,5.1E-6,,
49.9E+0,-78.29,121.7E-6,110.5E-6,11.0E-6,,
50.7E+0,-93.37,21.5E-6,19.5E-6,1.9E-6,,
51.4E+0,-87.62,41.6E-6,37.7E-6,3.8E-6,,
52.1E+0,-80.46,94.8E-6,86.0E-6,8.6E-6,,
52.9E+0,-90.58,29.6E-6,26.8E-6,2.7E-6,,
53.6E+0,-77.32,136.1E-6,123.6E-6,12.4E-6,,
54.3E+0,-75.85,161.3E-6,146.4E-6,14.6E-6,,
55.1E+0,-72.23,244.6E-6,222.0E-6,22.2E-6,,
55.8E+0,-70.73,290.8E-6,264.0E-6,26.4E-6,,
56.5E+0,-69.22,345.9E-6,314.0E-6,31.4E-6,,
57.2E+0,-67.97,399.5E-6,362.6E-6,36.3E-6,,
58.0E+0,-66.37,480.3E-6,436.0E-6,43.6E-6,,
58.7E+0,-65.75,515.6E-6,468.0E-6,46.8E-6,,
59.4E+0,-66.13,493.9E-6,448.3E-6,44.8E-6,,
60.2E+0,-66.16,492.3E-6,446.8E-6,44.7E-6,,
60.9E+0,-66.07,497.4E-6,451.5E-6,45.1E-6,,
61.6E+0,-65.90,507.1E-6,460.2E-6,46.0E-6,,
62.4E+0,-67.43,424.9E-6,385.7E-6,38.6E-6,,
63.1E+0,-69.44,337.4E-6,306.3E-6,30.6E-6,,
63.8E+0,-67.66,414.2E-6,375.9E-6,37.6E-6,,
64.6E+0,-69.72,326.4E-6,296.3E-6,29.6E-6,,
65.3E+0,-72.07,249.1E-6,226.1E-6,22.6E-6,,
66.0E+0,-73.68,206.9E-6,187.8E-6,18.8E-6,,
66.7E+0,-75.14,175.0E-6,158.9E-6,15.9E-6,,
67.5E+0,-79.28,108.7E-6,98.7E-6,9.9E-6,,
68.3E+0,-74.28,193.2E-6,175.4E-6,17.5E-6,,
69.3E+0,-80.72,92.0E-6,83.5E-6,8.4E-6,,
70.4E+0,-89.10,35.1E-6,31.8E-6,3.2E-6,,
71.4E+0,-87.49,42.2E-6,38.3E-6,3.8E-6,,
72.4E+0,-86.49,47.4E-6,43.0E-6,4.3E-6,,
73.4E+0,-85.66,52.1E-6,47.3E-6,4.7E-6,,
74.4E+0,-79.09,111.0E-6,100.7E-6,10.1E-6,,
75.4E+0,-79.11,110.8E-6,100.6E-6,10.1E-6,,
76.4E+0,-80.18,98.0E-6,88.9E-6,8.9E-6,,
77.4E+0,-82.36,76.2E-6,69.2E-6,6.9E-6,,
78.4E+0,-81.30,86.1E-6,78.2E-6,7.8E-6,,
79.4E+0,-81.28,86.3E-6,78.3E-6,7.8E-6,,
80.4E+0,-78.80,114.8E-6,104.2E-6,10.4E-6,,
81.4E+0,-84.20,61.7E-6,56.0E-6,5.6E-6,,
82.5E+0,-83.80,64.6E-6,58.6E-6,5.9E-6,,
83.5E+0,-87.87,40.4E-6,36.7E-6,3.7E-6,,
84.5E+0,-90.13,31.1E-6,28.3E-6,2.8E-6,,
85.5E+0,-88.43,37.9E-6,34.4E-6,3.4E-6,,
86.5E+0,-87.56,41.9E-6,38.0E-6,3.8E-6,,
87.5E+0,-83.19,69.3E-6,62.9E-6,6.3E-6,,
88.5E+0,-86.92,45.1E-6,40.9E-6,4.1E-6,,
89.5E+0,-86.54,47.1E-6,42.7E-6,4.3E-6,,
90.5E+0,-101.95,8.0E-6,7.3E-6,725.5E-9,,
91.5E+0,-88.78,36.4E-6,33.0E-6,3.3E-6,,
92.5E+0,-83.42,67.5E-6,61.3E-6,6.1E-6,,
93.7E+0,-82.76,72.8E-6,66.1E-6,6.6E-6,,
95.1E+0,-92.72,23.1E-6,21.0E-6,2.1E-6,,
96.5E+0,-91.24,27.4E-6,24.9E-6,2.5E-6,,
97.9E+0,-86.53,47.2E-6,42.8E-6,4.3E-6,,
99.3E+0,-79.76,102.8E-6,93.3E-6,9.3E-6,,
100.7E+0,-78.16,123.6E-6,112.2E-6,11.2E-6,,
102.1E+0,-82.06,78.9E-6,71.6E-6,7.2E-6,,
103.5E+0,-81.11,88.0E-6,79.9E-6,8.0E-6,,
104.9E+0,-93.40,21.4E-6,19.4E-6,1.9E-6,,
106.2E+0,-105.54,5.3E-6,4.8E-6,479.7E-9,,
107.6E+0,-81.46,84.6E-6,76.8E-6,7.7E-6,,
109.0E+0,-76.37,151.9E-6,137.9E-6,13.8E-6,,
110.4E+0,-76.10,156.7E-6,142.2E-6,14.2E-6,,
111.8E+0,-76.99,141.4E-6,128.4E-6,12.8E-6,,
113.2E+0,-75.96,159.3E-6,144.6E-6,14.5E-6,,
114.6E+0,-74.32,192.4E-6,174.6E-6,17.5E-6,,
116.0E+0,-75.68,164.4E-6,149.2E-6,14.9E-6,,
117.4E+0,-73.94,201.0E-6,182.5E-6,18.2E-6,,
118.8E+0,-73.99,199.9E-6,181.4E-6,18.1E-6,,
120.2E+0,-74.13,196.6E-6,178.4E-6,17.8E-6,,
121.6E+0,-73.03,223.2E-6,202.6E-6,20.3E-6,,
122.9E+0,-77.30,136.5E-6,123.9E-6,12.4E-6,,
124.3E+0,-74.90,180.0E-6,163.3E-6,16.3E-6,,
125.7E+0,-73.34,215.2E-6,195.3E-6,19.5E-6,,
127.1E+0,-74.07,198.0E-6,179.7E-6,18.0E-6,,
128.5E+0,-78.96,112.8E-6,102.4E-6,10.2E-6,,
130.2E+0,-77.02,140.9E-6,127.9E-6,12.8E-6,,
132.1E+0,-79.42,106.9E-6,97.0E-6,9.7E-6,,
134.0E+0,-81.48,84.3E-6,76.5E-6,7.7E-6,,
136.0E+0,-74.22,194.5E-6,176.5E-6,17.7E-6,,
137.9E+0,-80.57,93.7E-6,85.0E-6,8.5E-6,,
139.8E+0,-82.85,72.0E-6,65.4E-6,6.5E-6,,
141.8E+0,-85.02,56.1E-6,50.9E-6,5.1E-6,,
143.7E+0,-88.71,36.7E-6,33.3E-6,3.3E-6,,
145.6E+0,-81.17,87.4E-6,79.4E-6,7.9E-6,,
147.6E+0,-93.91,20.2E-6,18.3E-6,1.8E-6,,
149.5E+0,-91.36,27.0E-6,24.5E-6,2.5E-6,,
151.4E+0,-88.53,37.4E-6,34.0E-6,3.4E-6,,
153.4E+0,-78.74,115.6E-6,104.9E-6,10.5E-6,,
155.3E+0,-82.58,74.3E-6,67.4E-6,6.7E-6,,
157.2E+0,-92.95,22.5E-6,20.4E-6,2.0E-6,,
159.2E+0,-85.96,50.4E-6,45.7E-6,4.6E-6,,
161.1E+0,-80.26,97.1E-6,88.1E-6,8.8E-6,,
163.0E+0,-87.24,43.5E-6,39.5E-6,3.9E-6,,
165.0E+0,-80.26,97.0E-6,88.1E-6,8.8E-6,,
166.9E+0,-87.20,43.6E-6,39.6E-6,4.0E-6,,
168.8E+0,-80.33,96.3E-6,87.4E-6,8.7E-6,,
170.8E+0,-90.95,28.3E-6,25.7E-6,2.6E-6,,
172.7E+0,-81.56,83.6E-6,75.8E-6,7.6E-6,,
174.6E+0,-78.58,117.8E-6,106.9E-6,10.7E-6,,
176.6E+0,-101.18,8.7E-6,7.9E-6,792.8E-9,,
178.5E+0,-84.64,58.6E-6,53.2E-6,5.3E-6,,
180.8E+0,-84.40,60.3E-6,54.7E-6,5.5E-6,,
183.4E+0,-83.67,65.5E-6,59.5E-6,5.9E-6,,
186.1E+0,-84.66,58.5E-6,53.1E-6,5.3E-6,,
188.8E+0,-94.36,19.1E-6,17.4E-6,1.7E-6,,
191.5E+0,-77.50,133.4E-6,121.1E-6,12.1E-6,,
194.2E+0,-86.70,46.2E-6,41.9E-6,4.2E-6,,
196.9E+0,-88.75,36.5E-6,33.1E-6,3.3E-6,,
199.6E+0,-79.36,107.7E-6,97.7E-6,9.8E-6,,
202.2E+0,-79.19,109.8E-6,99.7E-6,10.0E-6,,
204.9E+0,-85.32,54.2E-6,49.2E-6,4.9E-6,,
207.6E+0,-85.72,51.8E-6,47.0E-6,4.7E-6,,
210.3E+0,-86.16,49.2E-6,44.6E-6,4.5E-6,,
213.0E+0,-84.08,62.5E-6,56.8E-6,5.7E-6,,
215.7E+0,-80.06,99.3E-6,90.1E-6,9.0E-6,,
218.3E+0,-81.98,79.6E-6,72.3E-6,7.2E-6,,
221.0E+0,-79.11,110.8E-6,100.5E-6,10.1E-6,,
223.7E+0,-86.33,48.2E-6,43.8E-6,4.4E-6,,
226.4E+0,-88.21,38.8E-6,35.3E-6,3.5E-6,,
229.1E+0,-91.26,27.3E-6,24.8E-6,2.5E-6,,
231.8E+0,-92.36,24.1E-6,21.9E-6,2.2E-6,,
234.5E+0,-86.85,45.5E-6,41.3E-6,4.1E-6,,
237.1E+0,-76.94,142.3E-6,129.1E-6,12.9E-6,,
239.8E+0,-80.75,91.7E-6,83.2E-6,8.3E-6,,
242.5E+0,-85.32,54.2E-6,49.2E-6,4.9E-6,,
245.2E+0,-85.50,53.1E-6,48.2E-6,4.8E-6,,
247.9E+0,-81.75,81.7E-6,74.2E-6,7.4E-6,,
251.0E+0,-87.96,40.0E-6,36.3E-6,3.6E-6,,
254.8E+0,-80.79,91.3E-6,82.8E-6,8.3E-6,,
258.5E+0,-75.21,173.7E-6,157.6E-6,15.8E-6,,
262.2E+0,-83.96,63.4E-6,57.5E-6,5.8E-6,,
266.0E+0,-73.50,211.4E-6,191.9E-6,19.2E-6,,
269.7E+0,-80.25,97.2E-6,88.2E-6,8.8E-6,,
273.4E+0,-77.19,138.2E-6,125.5E-6,12.5E-6,,
277.1E+0,-76.89,143.0E-6,129.8E-6,13.0E-6,,
280.9E+0,-80.35,96.0E-6,87.2E-6,8.7E-6,,
284.6E+0,-74.55,187.2E-6,169.9E-6,17.0E-6,,
288.3E+0,-76.91,142.7E-6,129.5E-6,12.9E-6,,
292.1E+0,-76.03,158.0E-6,143.4E-6,14.3E-6,,
295.8E+0,-74.00,199.5E-6,181.1E-6,18.1E-6,,
299.5E+0,-73.90,201.8E-6,183.2E-6,18.3E-6,,
303.2E+0,-71.33,271.5E-6,246.4E-6,24.6E-6,,
307.0E+0,-73.03,223.1E-6,202.5E-6,20.2E-6,,
310.7E+0,-75.55,166.9E-6,151.5E-6,15.1E-6,,
314.4E+0,-73.31,215.9E-6,196.0E-6,19.6E-6,,
318.2E+0,-76.66,146.8E-6,133.3E-6,13.3E-6,,
321.9E+0,-76.13,156.1E-6,141.7E-6,14.2E-6,,
325.6E+0,-77.20,138.0E-6,125.3E-6,12.5E-6,,
329.4E+0,-76.84,143.9E-6,130.6E-6,13.1E-6,,
333.1E+0,-79.23,109.3E-6,99.2E-6,9.9E-6,,
336.8E+0,-82.60,74.1E-6,67.2E-6,6.7E-6,,
340.5E+0,-78.85,114.2E-6,103.6E-6,10.4E-6,,
344.3E+0,-82.91,71.5E-6,64.9E-6,6.5E-6,,
348.6E+0,-81.00,89.1E-6,80.9E-6,8.1E-6,,
353.8E+0,-80.44,95.0E-6,86.2E-6,8.6E-6,,
359.0E+0,-77.72,130.0E-6,118.0E-6,11.8E-6,,
364.2E+0,-82.19,77.7E-6,70.5E-6,7.1E-6,,
369.4E+0,-75.62,165.6E-6,150.3E-6,15.0E-6,,
374.5E+0,-88.68,36.8E-6,33.4E-6,3.3E-6,,
379.7E+0,-84.11,62.3E-6,56.6E-6,5.7E-6,,
384.9E+0,-88.52,37.5E-6,34.0E-6,3.4E-6,,
390.1E+0,-77.93,126.9E-6,115.2E-6,11.5E-6,,
395.3E+0,-76.80,144.6E-6,131.2E-6,13.1E-6,,
400.4E+0,-83.24,68.8E-6,62.5E-6,6.2E-6,,
405.6E+0,-88.79,36.3E-6,33.0E-6,3.3E-6,,
410.8E+0,-80.14,98.4E-6,89.3E-6,8.9E-6,,
416.0E+0,-83.66,65.6E-6,59.6E-6,6.0E-6,,
421.2E+0,-73.74,205.5E-6,186.6E-6,18.7E-6,,
426.3E+0,-79.82,102.1E-6,92.6E-6,9.3E-6,,
431.5E+0,-83.49,66.9E-6,60.8E-6,6.1E-6,,
436.7E+0,-76.46,150.2E-6,136.4E-6,13.6E-6,,
441.9E+0,-77.07,140.1E-6,127.2E-6,12.7E-6,,
447.0E+0,-94.14,19.6E-6,17.8E-6,1.8E-6,,
452.2E+0,-80.64,92.9E-6,84.3E-6,8.4E-6,,
457.4E+0,-81.68,82.4E-6,74.8E-6,7.5E-6,,
462.6E+0,-87.43,42.5E-6,38.6E-6,3.9E-6,,
467.8E+0,-77.05,140.5E-6,127.5E-6,12.7E-6,,
472.9E+0,-75.04,177.0E-6,160.7E-6,16.1E-6,,
478.1E+0,-86.82,45.6E-6,41.4E-6,4.1E-6,,
484.2E+0,-73.76,205.1E-6,186.2E-6,18.6E-6,,
491.3E+0,-77.91,127.2E-6,115.4E-6,11.5E-6,,
498.5E+0,-81.32,85.9E-6,78.0E-6,7.8E-6,,
505.6E+0,-74.79,182.2E-6,165.4E-6,16.5E-6,,
512.8E+0,-73.40,213.9E-6,194.1E-6,19.4E-6,,
519.9E+0,-76.63,147.4E-6,133.8E-6,13.4E-6,,
527.1E+0,-82.39,75.9E-6,68.9E-6,6.9E-6,,
534.2E+0,-82.55,74.6E-6,67.7E-6,6.8E-6,,
541.4E+0,-82.86,72.0E-6,65.3E-6,6.5E-6,,
548.5E+0,-80.29,96.7E-6,87.8E-6,8.8E-6,,
555.7E+0,-92.77,23.0E-6,20.9E-6,2.1E-6,,
562.8E+0,-75.78,162.5E-6,147.5E-6,14.7E-6,,
569.9E+0,-80.69,92.3E-6,83.8E-6,8.4E-6,,
577.1E+0,-82.41,75.7E-6,68.7E-6,6.9E-6,,
584.2E+0,-82.52,74.8E-6,67.9E-6,6.8E-6,,
591.4E+0,-79.92,100.9E-6,91.6E-6,9.2E-6,,
598.5E+0,-82.75,72.8E-6,66.1E-6,6.6E-6,,
605.7E+0,-86.57,46.9E-6,42.6E-6,4.3E-6,,
612.8E+0,-75.38,170.2E-6,154.5E-6,15.4E-6,,
620.0E+0,-81.64,82.8E-6,75.2E-6,7.5E-6,,
627.1E+0,-75.02,177.5E-6,161.1E-6,16.1E-6,,
634.3E+0,-78.76,115.3E-6,104.6E-6,10.5E-6,,
641.4E+0,-83.10,70.0E-6,63.6E-6,6.4E-6,,
648.5E+0,-74.91,179.8E-6,163.2E-6,16.3E-6,,
655.7E+0,-76.52,149.2E-6,135.5E-6,13.5E-6,,
664.0E+0,-68.95,356.9E-6,323.9E-6,32.4E-6,,
673.9E+0,-74.87,180.6E-6,163.9E-6,16.4E-6,,
683.8E+0,-77.02,141.0E-6,127.9E-6,12.8E-6,,
693.6E+0,-74.55,187.2E-6,169.9E-6,17.0E-6,,
703.5E+0,-73.32,215.8E-6,195.9E-6,19.6E-6,,
713.3E+0,-77.20,138.0E-6,125.2E-6,12.5E-6,,
723.2E+0,-79.74,103.0E-6,93.5E-6,9.4E-6,,
733.1E+0,-85.74,51.6E-6,46.8E-6,4.7E-6,,
742.9E+0,-77.11,139.5E-6,126.6E-6,12.7E-6,,
752.8E+0,-81.34,85.7E-6,77.8E-6,7.8E-6,,
762.7E+0,-76.64,147.2E-6,133.6E-6,13.4E-6,,
772.5E+0,-82.61,74.0E-6,67.2E-6,6.7E-6,,
782.4E+0,-77.12,139.3E-6,126.4E-6,12.6E-6,,
792.3E+0,-78.94,113.0E-6,102.6E-6,10.3E-6,,
802.1E+0,-80.82,91.0E-6,82.6E-6,8.3E-6,,
812.0E+0,-70.17,310.3E-6,281.6E-6,28.2E-6,,
821.9E+0,-73.85,203.1E-6,184.3E-6,18.4E-6,,
831.7E+0,-76.41,151.1E-6,137.2E-6,13.7E-6,,
841.6E+0,-85.52,53.0E-6,48.1E-6,4.8E-6,,
851.4E+0,-74.38,191.0E-6,173.4E-6,17.3E-6,,
861.3E+0,-70.25,307.4E-6,279.0E-6,27.9E-6,,
871.2E+0,-76.59,148.1E-6,134.4E-6,13.4E-6,,
881.0E+0,-73.72,206.0E-6,187.0E-6,18.7E-6,,
890.9E+0,-76.52,149.4E-6,135.6E-6,13.6E-6,,
900.8E+0,-74.72,183.6E-6,166.7E-6,16.7E-6,,
910.6E+0,-71.80,257.1E-6,233.3E-6,23.3E-6,,
922.2E+0,-71.04,280.5E-6,254.6E-6,25.5E-6,,
935.9E+0,-74.82,181.4E-6,164.7E-6,16.5E-6,,
949.6E+0,-76.73,145.7E-6,132.2E-6,13.2E-6,,
963.3E+0,-100.42,9.5E-6,8.6E-6,864.6E-9,,
977.0E+0,-78.54,118.3E-6,107.4E-6,10.7E-6,,
990.7E+0,-70.54,297.2E-6,269.7E-6,27.0E-6,,
1.0E+3,-75.59,166.1E-6,150.8E-6,15.1E-6,,
1.0E+3,-72.16,246.6E-6,223.8E-6,22.4E-6,,
1.0E+3,-75.18,174.1E-6,158.0E-6,15.8E-6,,
1.0E+3,-80.04,99.6E-6,90.4E-6,9.0E-6,,
1.1E+3,-70.47,299.7E-6,272.0E-6,27.2E-6,,
1.1E+3,-70.43,300.8E-6,273.1E-6,27.3E-6,,
1.1E+3,-73.10,221.4E-6,200.9E-6,20.1E-6,,
1.1E+3,-68.76,364.8E-6,331.1E-6,33.1E-6,,
1.1E+3,-70.85,286.9E-6,260.4E-6,26.0E-6,,
1.1E+3,-68.12,392.6E-6,356.4E-6,35.6E-6,,
1.1E+3,-84.74,57.9E-6,52.6E-6,5.3E-6,,
1.2E+3,-70.07,313.6E-6,284.6E-6,28.5E-6,,
1.2E+3,-69.53,333.7E-6,302.9E-6,30.3E-6,,
1.2E+3,-69.25,344.8E-6,312.9E-6,31.3E-6,,
1.2E+3,-69.74,326.0E-6,295.9E-6,29.6E-6,,
1.2E+3,-76.42,151.0E-6,137.1E-6,13.7E-6,,
1.2E+3,-67.55,419.3E-6,380.6E-6,38.1E-6,,
1.2E+3,-64.65,585.6E-6,531.5E-6,53.2E-6,,
1.3E+3,-68.04,396.2E-6,359.6E-6,36.0E-6,,
1.3E+3,-68.47,377.3E-6,342.5E-6,34.2E-6,,
1.3E+3,-65.46,533.4E-6,484.1E-6,48.4E-6,,
1.3E+3,-69.39,339.1E-6,307.7E-6,30.8E-6,,
1.3E+3,-67.05,444.2E-6,403.2E-6,40.3E-6,,
1.3E+3,-66.73,460.8E-6,418.2E-6,41.8E-6,,
1.4E+3,-66.51,472.8E-6,429.2E-6,42.9E-6,,
1.4E+3,-64.27,611.5E-6,555.0E-6,55.5E-6,,
1.4E+3,-66.16,492.1E-6,446.6E-6,44.7E-6,,
1.4E+3,-64.54,592.6E-6,537.9E-6,53.8E-6,,
1.4E+3,-60.22,975.2E-6,885.2E-6,88.5E-6,,
1.5E+3,-64.10,623.5E-6,565.9E-6,56.6E-6,,
1.5E+3,-61.50,840.9E-6,763.3E-6,76.3E-6,,
1.5E+3,-63.41,675.2E-6,612.8E-6,61.3E-6,,
1.5E+3,-61.87,806.6E-6,732.1E-6,73.2E-6,,
1.5E+3,-62.90,715.8E-6,649.7E-6,65.0E-6,,
1.5E+3,-63.23,689.1E-6,625.4E-6,62.5E-6,,
1.6E+3,-64.06,626.4E-6,568.5E-6,56.9E-6,,
1.6E+3,-60.70,922.8E-6,837.6E-6,83.8E-6,,
1.6E+3,-60.61,932.3E-6,846.2E-6,84.6E-6,,
1.6E+3,-59.51,1.1E-3,960.1E-6,96.0E-6,,
1.6E+3,-62.12,783.8E-6,711.4E-6,71.1E-6,,
1.7E+3,-59.27,1.1E-3,987.5E-6,98.7E-6,,
1.7E+3,-58.72,1.2E-3,1.1E-3,105.2E-6,,
1.7E+3,-58.01,1.3E-3,1.1E-3,114.1E-6,,
1.7E+3,-57.58,1.3E-3,1.2E-3,119.9E-6,,
1.7E+3,-58.23,1.2E-3,1.1E-3,111.3E-6,,
1.8E+3,-58.21,1.2E-3,1.1E-3,111.5E-6,,
1.8E+3,-57.25,1.4E-3,1.2E-3,124.5E-6,,
1.8E+3,-55.67,1.6E-3,1.5E-3,149.5E-6,,
1.8E+3,-55.41,1.7E-3,1.5E-3,153.9E-6,,
1.9E+3,-56.59,1.5E-3,1.3E-3,134.5E-6,,
1.9E+3,-55.74,1.6E-3,1.5E-3,148.2E-6,,
1.9E+3,-55.09,1.8E-3,1.6E-3,159.8E-6,,
1.9E+3,-54.62,1.9E-3,1.7E-3,168.7E-6,,
2.0E+3,-53.68,2.1E-3,1.9E-3,188.0E-6,,
2.0E+3,-54.36,1.9E-3,1.7E-3,173.7E-6,,
2.0E+3,-53.38,2.1E-3,1.9E-3,194.5E-6,,
2.0E+3,-51.74,2.6E-3,2.3E-3,234.8E-6,,
2.1E+3,-52.65,2.3E-3,2.1E-3,211.5E-6,,
2.1E+3,-50.99,2.8E-3,2.6E-3,256.1E-6,,
2.1E+3,-52.05,2.5E-3,2.3E-3,226.8E-6,,
2.1E+3,-51.09,2.8E-3,2.5E-3,253.1E-6,,
2.2E+3,-50.59,3.0E-3,2.7E-3,268.3E-6,,
2.2E+3,-49.92,3.2E-3,2.9E-3,289.6E-6,,
2.2E+3,-49.85,3.2E-3,2.9E-3,292.0E-6,,
2.3E+3,-49.34,3.4E-3,3.1E-3,309.7E-6,,
2.3E+3,-49.15,3.5E-3,3.2E-3,316.4E-6,,
2.3E+3,-48.36,3.8E-3,3.5E-3,346.6E-6,,
2.3E+3,-48.57,3.7E-3,3.4E-3,338.5E-6,,
2.4E+3,-47.58,4.2E-3,3.8E-3,379.2E-6,,
2.4E+3,-47.21,4.4E-3,4.0E-3,395.8E-6,,
2.4E+3,-47.35,4.3E-3,3.9E-3,389.2E-6,,
2.4E+3,-46.64,4.7E-3,4.2E-3,422.8E-6,,
2.5E+3,-45.86,5.1E-3,4.6E-3,462.5E-6,,
2.5E+3,-45.96,5.0E-3,4.6E-3,457.2E-6,,
2.5E+3,-45.20,5.5E-3,5.0E-3,498.8E-6,,
2.6E+3,-44.68,5.8E-3,5.3E-3,529.5E-6,,
2.6E+3,-43.99,6.3E-3,5.7E-3,573.4E-6,,
2.7E+3,-43.85,6.4E-3,5.8E-3,582.9E-6,,
2.7E+3,-42.88,7.2E-3,6.5E-3,651.9E-6,,
2.7E+3,-42.53,7.5E-3,6.8E-3,678.1E-6,,
2.8E+3,-41.82,8.1E-3,7.4E-3,736.4E-6,,
2.8E+3,-41.56,8.4E-3,7.6E-3,758.9E-6,,
2.8E+3,-41.07,8.8E-3,8.0E-3,802.7E-6,,
2.9E+3,-40.53,9.4E-3,8.5E-3,854.1E-6,,
2.9E+3,-40.55,9.4E-3,8.5E-3,851.9E-6,,
2.9E+3,-39.95,10.1E-3,9.1E-3,913.0E-6,,
3.0E+3,-39.47,10.6E-3,9.7E-3,965.3E-6,,
3.0E+3,-38.91,11.3E-3,10.3E-3,1.0E-3,,
3.1E+3,-38.68,11.6E-3,10.6E-3,1.1E-3,,
3.1E+3,-38.02,12.6E-3,11.4E-3,1.1E-3,,
3.1E+3,-37.67,13.1E-3,11.9E-3,1.2E-3,,
3.2E+3,-37.26,13.7E-3,12.4E-3,1.2E-3,,
3.2E+3,-36.85,14.4E-3,13.0E-3,1.3E-3,,
3.2E+3,-36.41,15.1E-3,13.7E-3,1.4E-3,,
3.3E+3,-36.10,15.7E-3,14.2E-3,1.4E-3,,
3.3E+3,-35.56,16.7E-3,15.1E-3,1.5E-3,,
3.3E+3,-35.32,17.1E-3,15.6E-3,1.6E-3,,
3.4E+3,-34.73,18.4E-3,16.7E-3,1.7E-3,,
3.4E+3,-34.36,19.1E-3,17.4E-3,1.7E-3,,
3.5E+3,-33.84,20.3E-3,18.5E-3,1.8E-3,,
3.5E+3,-33.38,21.4E-3,19.5E-3,1.9E-3,,
3.6E+3,-32.84,22.8E-3,20.7E-3,2.1E-3,,
3.6E+3,-32.25,24.4E-3,22.2E-3,2.2E-3,,
3.7E+3,-31.76,25.8E-3,23.4E-3,2.3E-3,,
3.7E+3,-31.42,26.9E-3,24.4E-3,2.4E-3,,
3.8E+3,-30.93,28.4E-3,25.8E-3,2.6E-3,,
3.8E+3,-30.49,29.9E-3,27.1E-3,2.7E-3,,
3.9E+3,-29.97,31.7E-3,28.8E-3,2.9E-3,,
3.9E+3,-29.59,33.2E-3,30.1E-3,3.0E-3,,
4.0E+3,-29.12,35.0E-3,31.8E-3,3.2E-3,,
4.0E+3,-28.65,37.0E-3,33.5E-3,3.4E-3,,
4.1E+3,-28.17,39.1E-3,35.4E-3,3.5E-3,,
4.1E+3,-27.80,40.7E-3,37.0E-3,3.7E-3,,
4.2E+3,-27.40,42.7E-3,38.7E-3,3.9E-3,,
4.2E+3,-26.93,45.0E-3,40.9E-3,4.1E-3,,
4.3E+3,-26.55,47.0E-3,42.7E-3,4.3E-3,,
4.3E+3,-26.09,49.6E-3,45.0E-3,4.5E-3,,
4.4E+3,-25.65,52.2E-3,47.3E-3,4.7E-3,,
4.4E+3,-25.36,54.0E-3,49.0E-3,4.9E-3,,
4.5E+3,-24.86,57.1E-3,51.8E-3,5.2E-3,,
4.5E+3,-24.51,59.5E-3,54.0E-3,5.4E-3,,
4.6E+3,-24.15,62.0E-3,56.3E-3,5.6E-3,,
4.6E+3,-23.71,65.2E-3,59.2E-3,5.9E-3,,
4.7E+3,-23.41,67.6E-3,61.3E-3,6.1E-3,,
4.8E+3,-22.82,72.3E-3,65.6E-3,6.6E-3,,
4.8E+3,-22.28,76.9E-3,69.8E-3,7.0E-3,,
4.9E+3,-21.76,81.6E-3,74.1E-3,7.4E-3,,
5.0E+3,-21.28,86.3E-3,78.3E-3,7.8E-3,,
5.1E+3,-20.80,91.2E-3,82.8E-3,8.3E-3,,
5.1E+3,-20.28,96.8E-3,87.9E-3,8.8E-3,,
5.2E+3,-19.83,102.0E-3,92.5E-3,9.3E-3,,
5.3E+3,-19.37,107.5E-3,97.6E-3,9.8E-3,,
5.3E+3,-18.91,113.4E-3,102.9E-3,10.3E-3,,
5.4E+3,-18.41,120.1E-3,109.0E-3,10.9E-3,,
5.5E+3,-18.01,125.8E-3,114.2E-3,11.4E-3,,
5.5E+3,-17.56,132.4E-3,120.2E-3,12.0E-3,,
5.6E+3,-17.13,139.1E-3,126.3E-3,12.6E-3,,
5.7E+3,-16.69,146.4E-3,132.9E-3,13.3E-3,,
5.8E+3,-16.22,154.4E-3,140.2E-3,14.0E-3,,
5.8E+3,-15.86,161.0E-3,146.1E-3,14.6E-3,,
5.9E+3,-15.43,169.3E-3,153.6E-3,15.4E-3,,
6.0E+3,-15.00,177.9E-3,161.5E-3,16.1E-3,,
6.0E+3,-14.59,186.4E-3,169.2E-3,16.9E-3,,
6.1E+3,-14.19,195.2E-3,177.2E-3,17.7E-3,,
6.2E+3,-13.78,204.7E-3,185.8E-3,18.6E-3,,
6.2E+3,-13.38,214.3E-3,194.5E-3,19.4E-3,,
6.3E+3,-12.99,224.3E-3,203.5E-3,20.4E-3,,
6.4E+3,-12.62,233.8E-3,212.2E-3,21.2E-3,,
6.5E+3,-12.22,244.9E-3,222.3E-3,22.2E-3,,
6.5E+3,-11.78,257.6E-3,233.8E-3,23.4E-3,,
6.6E+3,-11.30,272.4E-3,247.2E-3,24.7E-3,,
6.7E+3,-10.77,289.5E-3,262.8E-3,26.3E-3,,
6.8E+3,-10.26,307.0E-3,278.6E-3,27.9E-3,,
6.9E+3,-9.77,324.7E-3,294.7E-3,29.5E-3,,
7.0E+3,-9.29,343.2E-3,311.5E-3,31.2E-3,,
7.1E+3,-8.79,363.4E-3,329.8E-3,33.0E-3,,
7.2E+3,-8.32,383.8E-3,348.4E-3,34.8E-3,,
7.3E+3,-7.86,404.7E-3,367.3E-3,36.7E-3,,
7.4E+3,-7.40,426.5E-3,387.1E-3,38.7E-3,,
7.5E+3,-6.94,449.8E-3,408.2E-3,40.8E-3,,
7.6E+3,-6.51,472.5E-3,428.9E-3,42.9E-3,,
7.7E+3,-6.06,497.7E-3,451.7E-3,45.2E-3,,
7.8E+3,-5.62,523.9E-3,475.5E-3,47.6E-3,,
7.9E+3,-5.19,549.9E-3,499.1E-3,49.9E-3,,
8.0E+3,-4.79,576.0E-3,522.8E-3,52.3E-3,,
8.1E+3,-4.37,604.4E-3,548.6E-3,54.9E-3,,
8.2E+3,-3.96,633.6E-3,575.1E-3,57.5E-3,,
8.3E+3,-3.56,663.7E-3,602.4E-3,60.2E-3,,
8.4E+3,-3.16,694.9E-3,630.8E-3,63.1E-3,,
8.5E+3,-2.78,725.7E-3,658.7E-3,65.9E-3,,
8.6E+3,-2.42,757.2E-3,687.3E-3,68.7E-3,,
8.7E+3,-2.04,790.7E-3,717.7E-3,71.8E-3,,
8.8E+3,-1.67,824.9E-3,748.8E-3,74.9E-3,,
8.9E+3,-1.32,858.9E-3,779.6E-3,78.0E-3,,
9.0E+3,-0.96,894.9E-3,812.2E-3,81.2E-3,,
9.1E+3,-0.57,936.6E-3,850.1E-3,85.0E-3,,
9.2E+3,-0.13,984.9E-3,894.0E-3,89.4E-3,,
9.3E+3,0.31,1.0E+0,941.1E-3,94.1E-3,,
9.5E+3,0.75,1.1E+0,989.3E-3,98.9E-3,,
9.6E+3,1.16,1.1E+0,1.0E+0,103.7E-3,,
9.7E+3,1.52,1.2E+0,1.1E+0,108.2E-3,,
9.9E+3,1.86,1.2E+0,1.1E+0,112.5E-3,,
10.0E+3,2.16,1.3E+0,1.2E+0,116.4E-3,,
10.2E+3,2.43,1.3E+0,1.2E+0,120.1E-3,,
10.3E+3,2.69,1.4E+0,1.2E+0,123.7E-3,,
10.4E+3,2.92,1.4E+0,1.3E+0,127.0E-3,,
10.6E+3,3.14,1.4E+0,1.3E+0,130.2E-3,,
10.7E+3,3.34,1.5E+0,1.3E+0,133.4E-3,,
10.8E+3,3.54,1.5E+0,1.4E+0,136.4E-3,,
11.0E+3,3.71,1.5E+0,1.4E+0,139.1E-3,,
11.1E+3,3.87,1.6E+0,1.4E+0,141.7E-3,,
11.2E+3,4.02,1.6E+0,1.4E+0,144.1E-3,,
11.4E+3,4.14,1.6E+0,1.5E+0,146.2E-3,,
11.5E+3,4.30,1.6E+0,1.5E+0,148.9E-3,,
11.6E+3,4.39,1.7E+0,1.5E+0,150.5E-3,,
11.8E+3,4.51,1.7E+0,1.5E+0,152.5E-3,,
11.9E+3,4.61,1.7E+0,1.5E+0,154.4E-3,,
12.0E+3,4.71,1.7E+0,1.6E+0,156.1E-3,,
12.2E+3,4.82,1.7E+0,1.6E+0,158.0E-3,,
12.3E+3,4.91,1.8E+0,1.6E+0,159.8E-3,,
12.4E+3,5.01,1.8E+0,1.6E+0,161.5E-3,,
12.6E+3,5.13,1.8E+0,1.6E+0,163.8E-3,,
12.8E+3,5.23,1.8E+0,1.7E+0,165.7E-3,,
13.0E+3,5.34,1.8E+0,1.7E+0,167.9E-3,,
13.2E+3,5.43,1.9E+0,1.7E+0,169.6E-3,,
13.4E+3,5.52,1.9E+0,1.7E+0,171.4E-3,,
13.5E+3,5.61,1.9E+0,1.7E+0,173.2E-3,,
13.7E+3,5.69,1.9E+0,1.7E+0,174.7E-3,,
13.9E+3,5.76,1.9E+0,1.8E+0,176.1E-3,,
14.1E+3,5.82,2.0E+0,1.8E+0,177.3E-3,,
14.3E+3,5.87,2.0E+0,1.8E+0,178.4E-3,,
14.5E+3,5.92,2.0E+0,1.8E+0,179.4E-3,,
14.7E+3,5.96,2.0E+0,1.8E+0,180.4E-3,,
14.9E+3,6.00,2.0E+0,1.8E+0,181.2E-3,,
15.0E+3,6.03,2.0E+0,1.8E+0,181.7E-3,,
15.2E+3,6.06,2.0E+0,1.8E+0,182.4E-3,,
15.4E+3,6.09,2.0E+0,1.8E+0,183.0E-3,,
15.6E+3,6.12,2.0E+0,1.8E+0,183.5E-3,,
15.8E+3,6.14,2.0E+0,1.8E+0,184.0E-3,,
16.0E+3,6.16,2.0E+0,1.8E+0,184.5E-3,,
16.2E+3,6.18,2.0E+0,1.8E+0,184.9E-3,,
16.3E+3,6.20,2.0E+0,1.9E+0,185.3E-3,,
16.5E+3,6.22,2.0E+0,1.9E+0,185.7E-3,,
16.7E+3,6.24,2.1E+0,1.9E+0,186.1E-3,,
16.9E+3,6.25,2.1E+0,1.9E+0,186.5E-3,,
17.1E+3,6.27,2.1E+0,1.9E+0,186.8E-3,,
17.3E+3,6.29,2.1E+0,1.9E+0,187.2E-3,,
17.5E+3,6.21,2.0E+0,1.9E+0,185.5E-3,,
17.8E+3,6.27,2.1E+0,1.9E+0,186.8E-3,,
18.0E+3,6.33,2.1E+0,1.9E+0,188.2E-3,,
18.3E+3,6.37,2.1E+0,1.9E+0,189.1E-3,,
18.5E+3,6.41,2.1E+0,1.9E+0,189.8E-3,,
18.8E+3,6.43,2.1E+0,1.9E+0,190.3E-3,,
19.1E+3,6.44,2.1E+0,1.9E+0,190.6E-3,,
19.3E+3,6.45,2.1E+0,1.9E+0,190.8E-3,,
19.6E+3,6.46,2.1E+0,1.9E+0,191.0E-3,,
19.8E+3,6.46,2.1E+0,1.9E+0,191.0E-3,,
20.1E+3,6.46,2.1E+0,1.9E+0,191.0E-3,,
20.3E+3,6.47,2.1E+0,1.9E+0,191.1E-3,,
20.6E+3,6.46,2.1E+0,1.9E+0,191.0E-3,,
20.9E+3,6.46,2.1E+0,1.9E+0,191.0E-3,,
21.1E+3,6.45,2.1E+0,1.9E+0,190.7E-3,,
21.4E+3,6.44,2.1E+0,1.9E+0,190.6E-3,,
21.6E+3,6.44,2.1E+0,1.9E+0,190.5E-3,,
21.9E+3,6.44,2.1E+0,1.9E+0,190.4E-3,,
22.2E+3,6.43,2.1E+0,1.9E+0,190.3E-3,,
22.4E+3,6.43,2.1E+0,1.9E+0,190.2E-3,,
22.7E+3,6.42,2.1E+0,1.9E+0,190.1E-3,,
22.9E+3,6.25,2.1E+0,1.9E+0,186.3E-3,,
23.2E+3,6.30,2.1E+0,1.9E+0,187.4E-3,,
23.4E+3,6.36,2.1E+0,1.9E+0,188.8E-3,,
23.7E+3,6.40,2.1E+0,1.9E+0,189.7E-3,,
24.0E+3,6.26,2.1E+0,1.9E+0,186.5E-3,,
24.4E+3,6.29,2.1E+0,1.9E+0,187.2E-3,,
24.7E+3,6.37,2.1E+0,1.9E+0,189.0E-3,,
25.1E+3,6.41,2.1E+0,1.9E+0,189.9E-3,,
25.4E+3,6.45,2.1E+0,1.9E+0,190.7E-3,,
25.8E+3,6.47,2.1E+0,1.9E+0,191.2E-3,,
26.1E+3,6.48,2.1E+0,1.9E+0,191.5E-3,,
26.5E+3,6.49,2.1E+0,1.9E+0,191.7E-3,,
26.9E+3,6.49,2.1E+0,1.9E+0,191.7E-3,,
27.2E+3,6.49,2.1E+0,1.9E+0,191.5E-3,,
27.6E+3,6.49,2.1E+0,1.9E+0,191.5E-3,,
27.9E+3,6.48,2.1E+0,1.9E+0,191.4E-3,,
28.3E+3,6.48,2.1E+0,1.9E+0,191.4E-3,,
28.6E+3,6.48,2.1E+0,1.9E+0,191.3E-3,,
29.0E+3,6.47,2.1E+0,1.9E+0,191.2E-3,,
29.4E+3,6.46,2.1E+0,1.9E+0,190.9E-3,,
29.7E+3,6.46,2.1E+0,1.9E+0,190.9E-3,,
30.1E+3,6.45,2.1E+0,1.9E+0,190.8E-3,,
30.4E+3,6.45,2.1E+0,1.9E+0,190.8E-3,,
30.8E+3,6.44,2.1E+0,1.9E+0,190.5E-3,,
31.1E+3,6.44,2.1E+0,1.9E+0,190.5E-3,,
31.5E+3,6.44,2.1E+0,1.9E+0,190.5E-3,,
31.9E+3,6.44,2.1E+0,1.9E+0,190.5E-3,,
32.2E+3,6.43,2.1E+0,1.9E+0,190.3E-3,,
32.6E+3,6.43,2.1E+0,1.9E+0,190.3E-3,,
32.9E+3,6.43,2.1E+0,1.9E+0,190.3E-3,,
33.3E+3,6.23,2.0E+0,1.9E+0,186.0E-3,,
33.8E+3,6.23,2.0E+0,1.9E+0,186.0E-3,,
34.3E+3,6.33,2.1E+0,1.9E+0,188.1E-3,,
34.8E+3,6.39,2.1E+0,1.9E+0,189.4E-3,,
35.3E+3,6.45,2.1E+0,1.9E+0,190.7E-3,,
35.8E+3,6.48,2.1E+0,1.9E+0,191.3E-3,,
36.3E+3,6.51,2.1E+0,1.9E+0,192.0E-3,,
36.8E+3,6.53,2.1E+0,1.9E+0,192.5E-3,,
37.3E+3,6.54,2.1E+0,1.9E+0,192.7E-3,,
37.8E+3,6.55,2.1E+0,1.9E+0,193.0E-3,,
38.3E+3,6.55,2.1E+0,1.9E+0,193.0E-3,,
38.8E+3,6.56,2.1E+0,1.9E+0,193.2E-3,,
39.3E+3,6.57,2.1E+0,1.9E+0,193.4E-3,,
39.8E+3,6.57,2.1E+0,1.9E+0,193.3E-3,,
40.3E+3,6.57,2.1E+0,1.9E+0,193.5E-3,,
40.8E+3,6.57,2.1E+0,1.9E+0,193.3E-3,,
41.3E+3,6.58,2.1E+0,1.9E+0,193.5E-3,,
41.8E+3,6.58,2.1E+0,1.9E+0,193.7E-3,,
42.3E+3,6.58,2.1E+0,1.9E+0,193.5E-3,,
42.7E+3,6.58,2.1E+0,1.9E+0,193.7E-3,,
43.2E+3,6.58,2.1E+0,1.9E+0,193.6E-3,,
43.7E+3,6.58,2.1E+0,1.9E+0,193.7E-3,,
44.2E+3,6.59,2.1E+0,1.9E+0,193.8E-3,,
44.7E+3,6.59,2.1E+0,1.9E+0,193.9E-3,,
45.2E+3,6.59,2.1E+0,1.9E+0,193.9E-3,,
45.7E+3,6.59,2.1E+0,1.9E+0,193.8E-3,,
46.3E+3,6.38,2.1E+0,1.9E+0,189.2E-3,,
47.0E+3,6.30,2.1E+0,1.9E+0,187.4E-3,,
47.7E+3,6.39,2.1E+0,1.9E+0,189.4E-3,,
48.4E+3,6.47,2.1E+0,1.9E+0,191.1E-3,,
49.1E+3,6.54,2.1E+0,1.9E+0,192.8E-3,,
49.7E+3,6.59,2.1E+0,1.9E+0,193.9E-3,,
50.4E+3,6.64,2.1E+0,1.9E+0,195.0E-3,,
51.1E+3,6.67,2.2E+0,2.0E+0,195.7E-3,,
51.8E+3,6.70,2.2E+0,2.0E+0,196.3E-3,,
52.5E+3,6.73,2.2E+0,2.0E+0,196.9E-3,,
53.2E+3,6.74,2.2E+0,2.0E+0,197.2E-3,,
53.9E+3,6.76,2.2E+0,2.0E+0,197.7E-3,,
54.6E+3,6.77,2.2E+0,2.0E+0,198.0E-3,,
55.2E+3,6.79,2.2E+0,2.0E+0,198.3E-3,,
55.9E+3,6.79,2.2E+0,2.0E+0,198.5E-3,,
56.6E+3,6.80,2.2E+0,2.0E+0,198.6E-3,,
57.3E+3,6.81,2.2E+0,2.0E+0,198.8E-3,,
58.0E+3,6.81,2.2E+0,2.0E+0,198.9E-3,,
58.7E+3,6.82,2.2E+0,2.0E+0,199.1E-3,,
59.4E+3,6.82,2.2E+0,2.0E+0,199.1E-3,,
60.1E+3,6.82,2.2E+0,2.0E+0,199.1E-3,,
60.7E+3,6.83,2.2E+0,2.0E+0,199.3E-3,,
61.4E+3,6.83,2.2E+0,2.0E+0,199.3E-3,,
62.1E+3,6.84,2.2E+0,2.0E+0,199.4E-3,,
62.8E+3,6.84,2.2E+0,2.0E+0,199.5E-3,,
63.5E+3,6.84,2.2E+0,2.0E+0,199.6E-3,,
64.3E+3,6.51,2.1E+0,1.9E+0,192.1E-3,,
65.3E+3,6.36,2.1E+0,1.9E+0,188.8E-3,,
66.2E+3,6.41,2.1E+0,1.9E+0,189.9E-3,,
67.2E+3,6.48,2.1E+0,1.9E+0,191.5E-3,,
68.1E+3,6.56,2.1E+0,1.9E+0,193.1E-3,,
69.1E+3,6.62,2.1E+0,1.9E+0,194.4E-3,,
70.0E+3,6.66,2.2E+0,2.0E+0,195.5E-3,,
71.0E+3,6.70,2.2E+0,2.0E+0,196.4E-3,,
71.9E+3,6.74,2.2E+0,2.0E+0,197.2E-3,,
72.9E+3,6.78,2.2E+0,2.0E+0,198.1E-3,,
73.9E+3,6.80,2.2E+0,2.0E+0,198.7E-3,,
74.8E+3,6.82,2.2E+0,2.0E+0,199.1E-3,,
75.8E+3,6.85,2.2E+0,2.0E+0,199.6E-3,,
76.7E+3,6.86,2.2E+0,2.0E+0,200.1E-3,,
77.7E+3,6.89,2.2E+0,2.0E+0,200.5E-3,,
78.6E+3,6.90,2.2E+0,2.0E+0,200.9E-3,,
79.6E+3,6.91,2.2E+0,2.0E+0,201.1E-3,,
80.5E+3,6.92,2.2E+0,2.0E+0,201.3E-3,,
81.5E+3,6.93,2.2E+0,2.0E+0,201.5E-3,,
82.5E+3,6.94,2.2E+0,2.0E+0,201.8E-3,,
83.4E+3,6.95,2.2E+0,2.0E+0,202.1E-3,,
84.4E+3,6.95,2.2E+0,2.0E+0,202.0E-3,,
85.3E+3,6.95,2.2E+0,2.0E+0,202.1E-3,,
86.3E+3,6.96,2.2E+0,2.0E+0,202.2E-3,,
87.2E+3,6.97,2.2E+0,2.0E+0,202.5E-3,,
88.2E+3,6.97,2.2E+0,2.0E+0,202.5E-3,,
89.3E+3,6.62,2.1E+0,1.9E+0,194.5E-3,,
90.6E+3,6.42,2.1E+0,1.9E+0,190.0E-3,,
92.0E+3,6.22,2.0E+0,1.9E+0,185.8E-3,,
93.3E+3,6.07,2.0E+0,1.8E+0,182.6E-3,,
94.6E+3,6.12,2.0E+0,1.8E+0,183.7E-3,,
95.9E+3,6.21,2.0E+0,1.9E+0,185.6E-3,,
97.3E+3,6.31,2.1E+0,1.9E+0,187.6E-3,,
98.6E+3,6.40,2.1E+0,1.9E+0,189.6E-3,,
99.9E+3,6.47,2.1E+0,1.9E+0,191.2E-3,,
101.2E+3,6.55,2.1E+0,1.9E+0,192.9E-3,,
102.6E+3,6.62,2.1E+0,1.9E+0,194.4E-3,,
103.9E+3,6.67,2.2E+0,2.0E+0,195.6E-3,,
105.2E+3,6.71,2.2E+0,2.0E+0,196.6E-3,,
106.6E+3,6.77,2.2E+0,2.0E+0,197.8E-3,,
107.9E+3,6.81,2.2E+0,2.0E+0,198.7E-3,,
109.2E+3,6.82,2.2E+0,2.0E+0,198.9E-3,,
110.5E+3,6.87,2.2E+0,2.0E+0,200.1E-3,,
111.9E+3,6.90,2.2E+0,2.0E+0,200.8E-3,,
113.2E+3,6.94,2.2E+0,2.0E+0,201.7E-3,,
114.5E+3,6.95,2.2E+0,2.0E+0,202.1E-3,,
115.8E+3,6.98,2.2E+0,2.0E+0,202.7E-3,,
117.2E+3,6.99,2.2E+0,2.0E+0,203.0E-3,,
118.5E+3,7.01,2.2E+0,2.0E+0,203.4E-3,,
119.8E+3,7.02,2.2E+0,2.0E+0,203.6E-3,,
121.1E+3,7.04,2.2E+0,2.0E+0,204.0E-3,,
122.5E+3,7.05,2.3E+0,2.0E+0,204.5E-3,,
124.0E+3,6.69,2.2E+0,2.0E+0,196.0E-3,,
125.9E+3,6.48,2.1E+0,1.9E+0,191.4E-3,,
127.7E+3,6.48,2.1E+0,1.9E+0,191.4E-3,,
129.5E+3,6.53,2.1E+0,1.9E+0,192.6E-3,,
131.4E+3,6.58,2.1E+0,1.9E+0,193.6E-3,,
133.2E+3,6.66,2.2E+0,2.0E+0,195.3E-3,,
135.0E+3,6.70,2.2E+0,2.0E+0,196.3E-3,,
136.8E+3,6.76,2.2E+0,2.0E+0,197.6E-3,,
138.7E+3,6.81,2.2E+0,2.0E+0,198.7E-3,,
140.5E+3,6.84,2.2E+0,2.0E+0,199.5E-3,,
142.3E+3,6.88,2.2E+0,2.0E+0,200.5E-3,,
144.2E+3,6.92,2.2E+0,2.0E+0,201.3E-3,,
146.0E+3,6.95,2.2E+0,2.0E+0,202.1E-3,,
147.8E+3,6.98,2.2E+0,2.0E+0,202.6E-3,,
149.7E+3,7.01,2.2E+0,2.0E+0,203.5E-3,,
151.5E+3,7.03,2.2E+0,2.0E+0,203.8E-3,,
153.3E+3,7.04,2.2E+0,2.0E+0,204.2E-3,,
155.1E+3,7.07,2.3E+0,2.0E+0,204.9E-3,,
157.0E+3,7.09,2.3E+0,2.1E+0,205.4E-3,,
158.8E+3,7.11,2.3E+0,2.1E+0,205.7E-3,,
160.6E+3,7.12,2.3E+0,2.1E+0,206.1E-3,,
162.5E+3,7.11,2.3E+0,2.1E+0,205.9E-3,,
164.3E+3,7.15,2.3E+0,2.1E+0,206.7E-3,,
166.1E+3,7.16,2.3E+0,2.1E+0,206.9E-3,,
168.0E+3,7.16,2.3E+0,2.1E+0,207.0E-3,,
170.1E+3,6.84,2.2E+0,2.0E+0,199.4E-3,,
172.6E+3,6.59,2.1E+0,1.9E+0,193.9E-3,,
175.1E+3,6.56,2.1E+0,1.9E+0,193.2E-3,,
177.7E+3,6.60,2.1E+0,1.9E+0,194.1E-3,,
180.2E+3,6.64,2.1E+0,1.9E+0,195.0E-3,,
182.7E+3,6.72,2.2E+0,2.0E+0,196.8E-3,,
185.3E+3,6.56,2.1E+0,1.9E+0,193.2E-3,,
187.8E+3,6.34,2.1E+0,1.9E+0,188.3E-3,,
190.3E+3,6.35,2.1E+0,1.9E+0,188.5E-3,,
192.8E+3,6.44,2.1E+0,1.9E+0,190.4E-3,,
195.4E+3,6.45,2.1E+0,1.9E+0,190.8E-3,,
197.9E+3,6.49,2.1E+0,1.9E+0,191.7E-3,,
200.4E+3,6.47,2.1E+0,1.9E+0,191.3E-3,,
202.9E+3,6.62,2.1E+0,1.9E+0,194.4E-3,,
205.5E+3,6.68,2.2E+0,2.0E+0,195.9E-3,,
208.0E+3,6.74,2.2E+0,2.0E+0,197.2E-3,,
210.5E+3,6.79,2.2E+0,2.0E+0,198.2E-3,,
213.1E+3,6.83,2.2E+0,2.0E+0,199.2E-3,,
215.6E+3,6.88,2.2E+0,2.0E+0,200.5E-3,,
218.1E+3,6.92,2.2E+0,2.0E+0,201.3E-3,,
220.6E+3,6.96,2.2E+0,2.0E+0,202.3E-3,,
223.2E+3,7.00,2.2E+0,2.0E+0,203.2E-3,,
225.7E+3,7.03,2.2E+0,2.0E+0,204.0E-3,,
228.2E+3,7.06,2.3E+0,2.0E+0,204.5E-3,,
230.7E+3,6.93,2.2E+0,2.0E+0,201.6E-3,,
233.3E+3,7.10,2.3E+0,2.1E+0,205.5E-3,,
236.2E+3,6.83,2.2E+0,2.0E+0,199.2E-3,,
239.7E+3,6.66,2.2E+0,2.0E+0,195.5E-3,,
243.2E+3,6.58,2.1E+0,1.9E+0,193.7E-3,,
246.8E+3,6.61,2.1E+0,1.9E+0,194.3E-3,,
250.3E+3,6.77,2.2E+0,2.0E+0,198.0E-3,,
253.8E+3,6.73,2.2E+0,2.0E+0,196.9E-3,,
257.3E+3,6.78,2.2E+0,2.0E+0,198.2E-3,,
260.8E+3,6.81,2.2E+0,2.0E+0,198.7E-3,,
264.3E+3,6.89,2.2E+0,2.0E+0,200.6E-3,,
267.8E+3,6.92,2.2E+0,2.0E+0,201.3E-3,,
271.3E+3,6.96,2.2E+0,2.0E+0,202.2E-3,,
274.8E+3,7.01,2.2E+0,2.0E+0,203.4E-3,,
278.3E+3,7.07,2.3E+0,2.0E+0,204.8E-3,,
281.9E+3,7.13,2.3E+0,2.1E+0,206.3E-3,,
285.4E+3,7.29,2.3E+0,2.1E+0,210.0E-3,,
288.9E+3,7.25,2.3E+0,2.1E+0,209.2E-3,,
292.4E+3,7.32,2.3E+0,2.1E+0,210.7E-3,,
295.9E+3,7.36,2.3E+0,2.1E+0,211.8E-3,,
299.4E+3,7.41,2.3E+0,2.1E+0,213.0E-3,,
302.9E+3,7.46,2.4E+0,2.1E+0,214.2E-3,,
306.4E+3,7.46,2.4E+0,2.1E+0,214.4E-3,,
309.9E+3,7.48,2.4E+0,2.1E+0,214.9E-3,,
313.4E+3,7.51,2.4E+0,2.2E+0,215.4E-3,,
316.9E+3,7.67,2.4E+0,2.2E+0,219.4E-3,,
320.5E+3,7.51,2.4E+0,2.2E+0,215.6E-3,,
324.0E+3,7.52,2.4E+0,2.2E+0,215.8E-3,,
328.1E+3,7.18,2.3E+0,2.1E+0,207.5E-3,,
333.0E+3,7.00,2.2E+0,2.0E+0,203.1E-3,,
337.8E+3,6.91,2.2E+0,2.0E+0,201.0E-3,,
342.7E+3,6.96,2.2E+0,2.0E+0,202.2E-3,,
347.6E+3,6.98,2.2E+0,2.0E+0,202.7E-3,,
352.4E+3,7.33,2.3E+0,2.1E+0,211.2E-3,,
357.3E+3,7.08,2.3E+0,2.1E+0,205.0E-3,,
362.2E+3,7.13,2.3E+0,2.1E+0,206.3E-3,,
367.1E+3,6.95,2.2E+0,2.0E+0,202.0E-3,,
371.9E+3,6.72,2.2E+0,2.0E+0,196.8E-3,,
376.8E+3,6.75,2.2E+0,2.0E+0,197.4E-3,,
381.7E+3,6.76,2.2E+0,2.0E+0,197.6E-3,,
386.6E+3,6.82,2.2E+0,2.0E+0,198.9E-3,,
391.4E+3,6.86,2.2E+0,2.0E+0,200.1E-3,,
396.3E+3,6.95,2.2E+0,2.0E+0,201.9E-3,,
401.2E+3,6.77,2.2E+0,2.0E+0,197.9E-3,,
406.1E+3,7.00,2.2E+0,2.0E+0,203.2E-3,,
410.9E+3,7.05,2.3E+0,2.0E+0,204.3E-3,,
415.8E+3,7.07,2.3E+0,2.0E+0,204.9E-3,,
420.7E+3,7.10,2.3E+0,2.1E+0,205.6E-3,,
425.6E+3,7.12,2.3E+0,2.1E+0,206.1E-3,,
430.4E+3,7.14,2.3E+0,2.1E+0,206.5E-3,,
435.3E+3,7.18,2.3E+0,2.1E+0,207.5E-3,,
440.2E+3,7.21,2.3E+0,2.1E+0,208.2E-3,,
445.1E+3,7.24,2.3E+0,2.1E+0,209.0E-3,,
449.9E+3,6.98,2.2E+0,2.0E+0,202.7E-3,,
455.6E+3,6.57,2.1E+0,1.9E+0,193.3E-3,,
462.4E+3,6.46,2.1E+0,1.9E+0,191.0E-3,,
469.2E+3,6.36,2.1E+0,1.9E+0,188.9E-3,,
475.9E+3,6.42,2.1E+0,1.9E+0,190.1E-3,,
482.7E+3,6.46,2.1E+0,1.9E+0,191.0E-3,,
489.5E+3,6.28,2.1E+0,1.9E+0,187.1E-3,,
496.3E+3,6.29,2.1E+0,1.9E+0,187.3E-3,,
503.0E+3,6.35,2.1E+0,1.9E+0,188.6E-3,,
509.8E+3,6.40,2.1E+0,1.9E+0,189.6E-3,,
516.6E+3,6.45,2.1E+0,1.9E+0,190.7E-3,,
523.3E+3,6.49,2.1E+0,1.9E+0,191.7E-3,,
530.1E+3,6.31,2.1E+0,1.9E+0,187.8E-3,,
536.9E+3,6.30,2.1E+0,1.9E+0,187.5E-3,,
543.6E+3,6.34,2.1E+0,1.9E+0,188.3E-3,,
550.4E+3,6.39,2.1E+0,1.9E+0,189.4E-3,,
557.2E+3,6.46,2.1E+0,1.9E+0,191.0E-3,,
563.9E+3,6.51,2.1E+0,1.9E+0,192.1E-3,,
570.7E+3,6.56,2.1E+0,1.9E+0,193.2E-3,,
577.5E+3,6.48,2.1E+0,1.9E+0,191.4E-3,,
584.2E+3,6.30,2.1E+0,1.9E+0,187.4E-3,,
591.0E+3,6.26,2.1E+0,1.9E+0,186.6E-3,,
597.8E+3,6.32,2.1E+0,1.9E+0,187.9E-3,,
604.6E+3,6.36,2.1E+0,1.9E+0,188.8E-3,,
611.3E+3,6.41,2.1E+0,1.9E+0,189.9E-3,,
618.1E+3,6.45,2.1E+0,1.9E+0,190.8E-3,,
624.9E+3,6.50,2.1E+0,1.9E+0,191.9E-3,,
632.8E+3,6.45,2.1E+0,1.9E+0,190.8E-3,,
642.1E+3,6.24,2.1E+0,1.9E+0,186.2E-3,,
651.5E+3,6.23,2.0E+0,1.9E+0,185.9E-3,,
660.8E+3,6.31,2.1E+0,1.9E+0,187.8E-3,,
670.2E+3,6.31,2.1E+0,1.9E+0,187.7E-3,,
679.5E+3,6.34,2.1E+0,1.9E+0,188.4E-3,,
688.8E+3,6.39,2.1E+0,1.9E+0,189.5E-3,,
698.2E+3,6.43,2.1E+0,1.9E+0,190.3E-3,,
707.5E+3,6.46,2.1E+0,1.9E+0,191.0E-3,,
716.9E+3,6.50,2.1E+0,1.9E+0,191.9E-3,,
726.2E+3,6.54,2.1E+0,1.9E+0,192.7E-3,,
735.5E+3,7.12,2.3E+0,2.1E+0,206.0E-3,,
744.9E+3,7.11,2.3E+0,2.1E+0,205.9E-3,,
754.2E+3,7.11,2.3E+0,2.1E+0,205.8E-3,,
763.5E+3,7.08,2.3E+0,2.1E+0,205.2E-3,,
772.9E+3,7.10,2.3E+0,2.1E+0,205.5E-3,,
782.2E+3,6.71,2.2E+0,2.0E+0,196.5E-3,,
791.6E+3,6.46,2.1E+0,1.9E+0,191.0E-3,,
800.9E+3,6.33,2.1E+0,1.9E+0,188.2E-3,,
810.2E+3,6.44,2.1E+0,1.9E+0,190.5E-3,,
819.6E+3,6.49,2.1E+0,1.9E+0,191.6E-3,,
828.9E+3,6.52,2.1E+0,1.9E+0,192.3E-3,,
838.2E+3,6.57,2.1E+0,1.9E+0,193.3E-3,,
847.6E+3,6.73,2.2E+0,2.0E+0,196.9E-3,,
856.9E+3,7.29,2.3E+0,2.1E+0,210.0E-3,,
867.8E+3,6.45,2.1E+0,1.9E+0,190.8E-3,,
880.7E+3,6.25,2.1E+0,1.9E+0,186.3E-3,,
893.6E+3,6.22,2.0E+0,1.9E+0,185.8E-3,,
906.5E+3,6.17,2.0E+0,1.8E+0,184.6E-3,,
919.4E+3,5.96,2.0E+0,1.8E+0,180.2E-3,,
932.3E+3,6.45,2.1E+0,1.9E+0,190.7E-3,,
945.2E+3,6.09,2.0E+0,1.8E+0,182.9E-3,,
958.1E+3,6.15,2.0E+0,1.8E+0,184.2E-3,,
971.0E+3,6.24,2.1E+0,1.9E+0,186.1E-3,,
983.8E+3,6.31,2.1E+0,1.9E+0,187.7E-3,,
996.7E+3,6.39,2.1E+0,1.9E+0,189.4E-3,,
1.0E+6,6.47,2.1E+0,1.9E+0,191.3E-3,,
1.0E+6,6.54,2.1E+0,1.9E+0,192.7E-3,,
1.0E+6,6.60,2.1E+0,1.9E+0,194.1E-3,,
1.0E+6,6.51,2.1E+0,1.9E+0,192.1E-3,,
1.1E+6,6.34,2.1E+0,1.9E+0,188.4E-3,,
1.1E+6,6.35,2.1E+0,1.9E+0,188.5E-3,,
1.1E+6,6.40,2.1E+0,1.9E+0,189.7E-3,,
1.1E+6,6.47,2.1E+0,1.9E+0,191.2E-3,,
1.1E+6,6.55,2.1E+0,1.9E+0,192.9E-3,,
1.1E+6,6.63,2.1E+0,1.9E+0,194.7E-3,,
1.1E+6,6.69,2.2E+0,2.0E+0,196.1E-3,,
1.2E+6,6.61,2.1E+0,1.9E+0,194.4E-3,,
1.2E+6,6.43,2.1E+0,1.9E+0,190.2E-3,,
1.2E+6,6.44,2.1E+0,1.9E+0,190.5E-3,,
1.2E+6,6.48,2.1E+0,1.9E+0,191.4E-3,,
1.2E+6,6.49,2.1E+0,1.9E+0,191.7E-3,,
1.2E+6,6.33,2.1E+0,1.9E+0,188.1E-3,,
1.2E+6,6.32,2.1E+0,1.9E+0,188.0E-3,,
1.3E+6,6.36,2.1E+0,1.9E+0,188.9E-3,,
1.3E+6,6.21,2.0E+0,1.9E+0,185.5E-3,,
1.3E+6,6.21,2.0E+0,1.9E+0,185.6E-3,,
1.3E+6,6.25,2.1E+0,1.9E+0,186.4E-3,,
1.3E+6,6.30,2.1E+0,1.9E+0,187.5E-3,,
1.3E+6,6.34,2.1E+0,1.9E+0,188.3E-3,,
1.4E+6,6.39,2.1E+0,1.9E+0,189.4E-3,,
1.4E+6,6.50,2.1E+0,1.9E+0,191.9E-3,,
1.4E+6,6.44,2.1E+0,1.9E+0,190.6E-3,,
1.4E+6,6.46,2.1E+0,1.9E+0,190.9E-3,,
1.4E+6,6.48,2.1E+0,1.9E+0,191.4E-3,,
1.5E+6,6.50,2.1E+0,1.9E+0,191.8E-3,,
1.5E+6,6.36,2.1E+0,1.9E+0,188.8E-3,,
1.5E+6,6.14,2.0E+0,1.8E+0,184.1E-3,,
1.5E+6,6.10,2.0E+0,1.8E+0,183.2E-3,,
1.5E+6,6.11,2.0E+0,1.8E+0,183.4E-3,,
1.5E+6,6.14,2.0E+0,1.8E+0,184.1E-3,,
1.6E+6,6.08,2.0E+0,1.8E+0,182.8E-3,,
1.6E+6,5.90,2.0E+0,1.8E+0,179.1E-3,,
1.6E+6,5.86,2.0E+0,1.8E+0,178.2E-3,,
1.6E+6,5.91,2.0E+0,1.8E+0,179.2E-3,,
1.6E+6,5.94,2.0E+0,1.8E+0,179.9E-3,,
1.7E+6,6.01,2.0E+0,1.8E+0,181.3E-3,,
1.7E+6,6.00,2.0E+0,1.8E+0,181.1E-3,,
1.7E+6,5.84,2.0E+0,1.8E+0,177.8E-3,,
1.7E+6,5.83,2.0E+0,1.8E+0,177.6E-3,,
1.7E+6,5.70,1.9E+0,1.8E+0,175.0E-3,,
1.8E+6,5.82,2.0E+0,1.8E+0,177.4E-3,,
1.8E+6,5.84,2.0E+0,1.8E+0,177.7E-3,,
1.8E+6,5.93,2.0E+0,1.8E+0,179.7E-3,,
1.8E+6,6.05,2.0E+0,1.8E+0,182.1E-3,,
1.9E+6,6.15,2.0E+0,1.8E+0,184.3E-3,,
1.9E+6,6.20,2.0E+0,1.9E+0,185.4E-3,,
1.9E+6,6.08,2.0E+0,1.8E+0,182.7E-3,,
1.9E+6,6.14,2.0E+0,1.8E+0,184.0E-3,,
2.0E+6,6.19,2.0E+0,1.9E+0,185.1E-3,,
2.0E+6,6.27,2.1E+0,1.9E+0,186.9E-3,,
2.0E+6,6.16,2.0E+0,1.8E+0,184.4E-3,,
2.0E+6,6.19,2.0E+0,1.9E+0,185.0E-3,,
2.1E+6,6.24,2.1E+0,1.9E+0,186.2E-3,,
2.1E+6,6.29,2.1E+0,1.9E+0,187.2E-3,,
2.1E+6,6.14,2.0E+0,1.8E+0,184.1E-3,,
2.1E+6,6.13,2.0E+0,1.8E+0,183.9E-3,,
2.2E+6,6.16,2.0E+0,1.8E+0,184.6E-3,,
2.2E+6,6.19,2.0E+0,1.9E+0,185.1E-3,,
2.2E+6,6.20,2.0E+0,1.9E+0,185.3E-3,,
2.2E+6,6.00,2.0E+0,1.8E+0,181.1E-3,,
2.3E+6,5.92,2.0E+0,1.8E+0,179.4E-3,,
2.3E+6,5.92,2.0E+0,1.8E+0,179.3E-3,,
2.3E+6,5.90,2.0E+0,1.8E+0,179.0E-3,,
2.4E+6,5.64,1.9E+0,1.7E+0,173.8E-3,,
2.4E+6,5.53,1.9E+0,1.7E+0,171.6E-3,,
2.4E+6,5.45,1.9E+0,1.7E+0,170.1E-3,,
2.5E+6,5.51,1.9E+0,1.7E+0,171.1E-3,,
2.5E+6,5.60,1.9E+0,1.7E+0,173.0E-3,,
2.5E+6,5.49,1.9E+0,1.7E+0,170.8E-3,,
2.6E+6,5.42,1.9E+0,1.7E+0,169.5E-3,,
2.6E+6,5.48,1.9E+0,1.7E+0,170.6E-3,,
2.6E+6,5.61,1.9E+0,1.7E+0,173.2E-3,,
2.7E+6,5.78,1.9E+0,1.8E+0,176.6E-3,,
2.7E+6,5.89,2.0E+0,1.8E+0,178.7E-3,,
2.7E+6,6.00,2.0E+0,1.8E+0,181.2E-3,,
2.8E+6,6.14,2.0E+0,1.8E+0,184.1E-3,,
2.8E+6,6.27,2.1E+0,1.9E+0,186.8E-3,,
2.8E+6,6.37,2.1E+0,1.9E+0,189.1E-3,,
2.9E+6,6.36,2.1E+0,1.9E+0,188.9E-3,,
2.9E+6,6.22,2.0E+0,1.9E+0,185.8E-3,,
2.9E+6,6.22,2.0E+0,1.9E+0,185.8E-3,,
3.0E+6,6.25,2.1E+0,1.9E+0,186.3E-3,,
3.0E+6,6.26,2.1E+0,1.9E+0,186.5E-3,,
3.0E+6,6.26,2.1E+0,1.9E+0,186.6E-3,,
3.1E+6,6.25,2.1E+0,1.9E+0,186.4E-3,,
3.1E+6,6.23,2.0E+0,1.9E+0,186.0E-3,,
3.2E+6,6.05,2.0E+0,1.8E+0,182.1E-3,,
3.2E+6,5.78,1.9E+0,1.8E+0,176.6E-3,,
3.2E+6,5.61,1.9E+0,1.7E+0,173.1E-3,,
3.3E+6,5.41,1.9E+0,1.7E+0,169.1E-3,,
3.3E+6,5.37,1.9E+0,1.7E+0,168.5E-3,,
3.4E+6,5.44,1.9E+0,1.7E+0,169.9E-3,,
3.4E+6,5.56,1.9E+0,1.7E+0,172.1E-3,,
3.5E+6,5.71,1.9E+0,1.8E+0,175.1E-3,,
3.5E+6,5.88,2.0E+0,1.8E+0,178.6E-3,,
3.6E+6,6.05,2.0E+0,1.8E+0,182.1E-3,,
3.6E+6,6.19,2.0E+0,1.9E+0,185.1E-3,,
3.7E+6,6.16,2.0E+0,1.8E+0,184.5E-3,,
3.7E+6,6.06,2.0E+0,1.8E+0,182.3E-3,,
3.8E+6,6.09,2.0E+0,1.8E+0,183.0E-3,,
3.8E+6,6.14,2.0E+0,1.8E+0,184.1E-3,,
3.9E+6,6.16,2.0E+0,1.8E+0,184.5E-3,,
3.9E+6,6.11,2.0E+0,1.8E+0,183.5E-3,,
3.9E+6,6.09,2.0E+0,1.8E+0,183.0E-3,,
4.0E+6,6.05,2.0E+0,1.8E+0,182.2E-3,,
4.0E+6,5.96,2.0E+0,1.8E+0,180.4E-3,,
4.1E+6,5.87,2.0E+0,1.8E+0,178.5E-3,,
4.1E+6,5.82,2.0E+0,1.8E+0,177.4E-3,,
4.2E+6,5.63,1.9E+0,1.7E+0,173.6E-3,,
4.2E+6,5.48,1.9E+0,1.7E+0,170.6E-3,,
4.3E+6,5.55,1.9E+0,1.7E+0,171.9E-3,,
4.3E+6,5.67,1.9E+0,1.7E+0,174.4E-3,,
4.4E+6,5.85,2.0E+0,1.8E+0,177.9E-3,,
4.4E+6,5.90,2.0E+0,1.8E+0,179.1E-3,,
4.5E+6,5.77,1.9E+0,1.8E+0,176.3E-3,,
4.6E+6,5.70,1.9E+0,1.7E+0,174.9E-3,,
4.6E+6,5.74,1.9E+0,1.8E+0,175.8E-3,,
4.7E+6,5.79,1.9E+0,1.8E+0,176.8E-3,,
4.7E+6,5.77,1.9E+0,1.8E+0,176.3E-3,,
4.8E+6,5.50,1.9E+0,1.7E+0,171.0E-3,,
4.9E+6,5.37,1.9E+0,1.7E+0,168.4E-3,,
4.9E+6,5.29,1.8E+0,1.7E+0,166.9E-3,,
5.0E+6,5.03,1.8E+0,1.6E+0,161.9E-3,,
5.1E+6,5.01,1.8E+0,1.6E+0,161.5E-3,,
5.1E+6,5.17,1.8E+0,1.6E+0,164.7E-3,,
5.2E+6,5.40,1.9E+0,1.7E+0,168.9E-3,,
5.3E+6,5.46,1.9E+0,1.7E+0,170.2E-3,,
5.3E+6,5.63,1.9E+0,1.7E+0,173.6E-3,,
5.4E+6,5.78,1.9E+0,1.8E+0,176.6E-3,,
5.5E+6,5.83,2.0E+0,1.8E+0,177.6E-3,,
5.5E+6,5.86,2.0E+0,1.8E+0,178.3E-3,,
5.6E+6,5.83,2.0E+0,1.8E+0,177.7E-3,,
5.7E+6,5.76,1.9E+0,1.8E+0,176.2E-3,,
5.7E+6,5.67,1.9E+0,1.7E+0,174.4E-3,,
5.8E+6,5.65,1.9E+0,1.7E+0,173.9E-3,,
5.9E+6,5.43,1.9E+0,1.7E+0,169.5E-3,,
5.9E+6,5.22,1.8E+0,1.7E+0,165.5E-3,,
6.0E+6,5.18,1.8E+0,1.6E+0,164.9E-3,,
6.1E+6,5.47,1.9E+0,1.7E+0,170.5E-3,,
6.1E+6,5.57,1.9E+0,1.7E+0,172.4E-3,,
6.2E+6,5.66,1.9E+0,1.7E+0,174.2E-3,,
6.3E+6,5.65,1.9E+0,1.7E+0,173.9E-3,,
6.4E+6,5.42,1.9E+0,1.7E+0,169.4E-3,,
6.5E+6,5.31,1.8E+0,1.7E+0,167.2E-3,,
6.6E+6,5.17,1.8E+0,1.6E+0,164.7E-3,,
6.7E+6,5.15,1.8E+0,1.6E+0,164.3E-3,,
6.8E+6,5.13,1.8E+0,1.6E+0,163.8E-3,,
6.9E+6,5.23,1.8E+0,1.7E+0,165.8E-3,,
7.0E+6,5.55,1.9E+0,1.7E+0,171.9E-3,,
7.1E+6,5.66,1.9E+0,1.7E+0,174.1E-3,,
7.2E+6,5.70,1.9E+0,1.7E+0,175.0E-3,,
7.2E+6,5.64,1.9E+0,1.7E+0,173.8E-3,,
7.3E+6,5.49,1.9E+0,1.7E+0,170.7E-3,,
7.4E+6,5.37,1.9E+0,1.7E+0,168.4E-3,,
7.5E+6,5.30,1.8E+0,1.7E+0,167.0E-3,,
7.6E+6,5.29,1.8E+0,1.7E+0,166.9E-3,,
7.7E+6,5.36,1.9E+0,1.7E+0,168.2E-3,,
7.8E+6,5.50,1.9E+0,1.7E+0,171.0E-3,,
7.9E+6,5.58,1.9E+0,1.7E+0,172.6E-3,,
8.0E+6,5.60,1.9E+0,1.7E+0,173.0E-3,,
8.1E+6,5.66,1.9E+0,1.7E+0,174.2E-3,,
8.2E+6,5.58,1.9E+0,1.7E+0,172.5E-3,,
8.3E+6,5.41,1.9E+0,1.7E+0,169.3E-3,,
8.3E+6,5.33,1.8E+0,1.7E+0,167.6E-3,,
8.4E+6,5.30,1.8E+0,1.7E+0,167.1E-3,,
8.5E+6,5.22,1.8E+0,1.7E+0,165.5E-3,,
8.7E+6,5.04,1.8E+0,1.6E+0,162.2E-3,,
8.8E+6,5.11,1.8E+0,1.6E+0,163.4E-3,,
8.9E+6,5.30,1.8E+0,1.7E+0,167.1E-3,,
9.0E+6,5.23,1.8E+0,1.7E+0,165.8E-3,,
9.2E+6,4.99,1.8E+0,1.6E+0,161.1E-3,,
9.3E+6,4.97,1.8E+0,1.6E+0,160.8E-3,,
9.4E+6,5.05,1.8E+0,1.6E+0,162.4E-3,,
9.6E+6,4.99,1.8E+0,1.6E+0,161.3E-3,,
9.7E+6,5.20,1.8E+0,1.7E+0,165.1E-3,,
9.8E+6,5.38,1.9E+0,1.7E+0,168.7E-3,,
9.9E+6,5.31,1.8E+0,1.7E+0,167.3E-3,,
10.1E+6,5.05,1.8E+0,1.6E+0,162.4E-3,,
10.2E+6,5.02,1.8E+0,1.6E+0,161.8E-3,,
10.3E+6,5.21,1.8E+0,1.7E+0,165.4E-3,,
10.4E+6,5.43,1.9E+0,1.7E+0,169.6E-3,,
10.6E+6,5.61,1.9E+0,1.7E+0,173.2E-3,,
10.7E+6,5.74,1.9E+0,1.8E+0,175.8E-3,,
10.8E+6,5.61,1.9E+0,1.7E+0,173.2E-3,,
11.0E+6,5.33,1.8E+0,1.7E+0,167.7E-3,,
11.1E+6,5.34,1.8E+0,1.7E+0,167.9E-3,,
11.2E+6,5.56,1.9E+0,1.7E+0,172.3E-3,,
11.3E+6,5.77,1.9E+0,1.8E+0,176.3E-3,,
11.5E+6,5.86,2.0E+0,1.8E+0,178.2E-3,,
11.6E+6,5.91,2.0E+0,1.8E+0,179.3E-3,,
11.7E+6,5.76,1.9E+0,1.8E+0,176.1E-3,,
11.9E+6,5.09,1.8E+0,1.6E+0,163.2E-3,,
12.0E+6,5.06,1.8E+0,1.6E+0,162.6E-3,,
12.2E+6,5.39,1.9E+0,1.7E+0,168.8E-3,,
12.4E+6,5.41,1.9E+0,1.7E+0,169.3E-3,,
12.6E+6,5.09,1.8E+0,1.6E+0,163.2E-3,,
12.7E+6,4.58,1.7E+0,1.5E+0,153.7E-3,,
12.9E+6,4.74,1.7E+0,1.6E+0,156.6E-3,,
13.1E+6,5.18,1.8E+0,1.6E+0,164.9E-3,,
13.3E+6,5.17,1.8E+0,1.6E+0,164.5E-3,,
13.4E+6,5.05,1.8E+0,1.6E+0,162.4E-3,,
13.6E+6,4.80,1.7E+0,1.6E+0,157.7E-3,,
13.8E+6,5.04,1.8E+0,1.6E+0,162.1E-3,,
14.0E+6,5.52,1.9E+0,1.7E+0,171.4E-3,,
14.2E+6,5.22,1.8E+0,1.7E+0,165.6E-3,,
14.3E+6,4.80,1.7E+0,1.6E+0,157.8E-3,,
14.5E+6,4.53,1.7E+0,1.5E+0,152.9E-3,,
14.7E+6,4.75,1.7E+0,1.6E+0,156.9E-3,,
14.9E+6,5.27,1.8E+0,1.7E+0,166.6E-3,,
15.0E+6,5.22,1.8E+0,1.7E+0,165.6E-3,,
15.2E+6,4.98,1.8E+0,1.6E+0,161.0E-3,,
15.4E+6,4.78,1.7E+0,1.6E+0,157.4E-3,,
15.6E+6,5.03,1.8E+0,1.6E+0,162.0E-3,,
15.7E+6,5.34,1.8E+0,1.7E+0,167.8E-3,,
15.9E+6,5.05,1.8E+0,1.6E+0,162.3E-3,,
16.1E+6,4.63,1.7E+0,1.5E+0,154.8E-3,,
16.3E+6,4.48,1.7E+0,1.5E+0,152.0E-3,,
16.5E+6,4.65,1.7E+0,1.6E+0,155.0E-3,,
16.7E+6,5.00,1.8E+0,1.6E+0,161.5E-3,,
17.0E+6,4.39,1.7E+0,1.5E+0,150.5E-3,,
17.2E+6,4.18,1.6E+0,1.5E+0,146.8E-3,,
17.5E+6,4.65,1.7E+0,1.6E+0,155.0E-3,,
17.7E+6,4.68,1.7E+0,1.6E+0,155.6E-3,,
17.9E+6,4.09,1.6E+0,1.5E+0,145.4E-3,,
18.2E+6,4.35,1.6E+0,1.5E+0,149.8E-3,,
18.4E+6,5.00,1.8E+0,1.6E+0,161.4E-3,,
18.7E+6,4.30,1.6E+0,1.5E+0,149.0E-3,,
18.9E+6,3.90,1.6E+0,1.4E+0,142.2E-3,,
19.2E+6,4.27,1.6E+0,1.5E+0,148.4E-3,,
19.4E+6,4.68,1.7E+0,1.6E+0,155.6E-3,,
19.7E+6,3.66,1.5E+0,1.4E+0,138.3E-3,,
19.9E+6,3.74,1.5E+0,1.4E+0,139.7E-3,,
20.1E+6,4.56,1.7E+0,1.5E+0,153.5E-3,,
20.4E+6,4.48,1.7E+0,1.5E+0,152.1E-3,,
20.6E+6,3.65,1.5E+0,1.4E+0,138.2E-3,,
20.9E+6,4.16,1.6E+0,1.5E+0,146.5E-3,,
21.1E+6,4.74,1.7E+0,1.6E+0,156.6E-3,,
21.4E+6,4.13,1.6E+0,1.5E+0,146.0E-3,,
21.6E+6,3.95,1.6E+0,1.4E+0,143.1E-3,,
21.9E+6,4.66,1.7E+0,1.6E+0,155.3E-3,,
22.1E+6,4.75,1.7E+0,1.6E+0,156.8E-3,,
22.3E+6,3.71,1.5E+0,1.4E+0,139.1E-3,,
22.6E+6,4.04,1.6E+0,1.4E+0,144.5E-3,,
22.9E+6,4.60,1.7E+0,1.5E+0,154.1E-3,,
23.2E+6,3.62,1.5E+0,1.4E+0,137.7E-3,,
23.6E+6,3.88,1.6E+0,1.4E+0,141.8E-3,,
23.9E+6,4.15,1.6E+0,1.5E+0,146.3E-3,,
24.2E+6,3.21,1.4E+0,1.3E+0,131.4E-3,,
24.6E+6,4.17,1.6E+0,1.5E+0,146.7E-3,,
24.9E+6,3.90,1.6E+0,1.4E+0,142.2E-3,,
25.2E+6,3.78,1.5E+0,1.4E+0,140.2E-3,,
25.6E+6,4.47,1.7E+0,1.5E+0,151.8E-3,,
25.9E+6,3.66,1.5E+0,1.4E+0,138.4E-3,,
26.3E+6,4.32,1.6E+0,1.5E+0,149.3E-3,,
26.6E+6,4.47,1.7E+0,1.5E+0,151.9E-3,,
26.9E+6,3.82,1.6E+0,1.4E+0,140.9E-3,,
27.3E+6,4.71,1.7E+0,1.6E+0,156.1E-3,,
27.6E+6,4.21,1.6E+0,1.5E+0,147.3E-3,,
27.9E+6,4.29,1.6E+0,1.5E+0,148.7E-3,,
28.3E+6,4.76,1.7E+0,1.6E+0,157.0E-3,,
28.6E+6,4.09,1.6E+0,1.5E+0,145.4E-3,,
29.0E+6,4.69,1.7E+0,1.6E+0,155.8E-3,,
29.3E+6,4.61,1.7E+0,1.5E+0,154.4E-3,,
29.6E+6,4.28,1.6E+0,1.5E+0,148.6E-3,,
30.0E+6,4.91,1.8E+0,1.6E+0,159.7E-3,,
30.3E+6,4.41,1.7E+0,1.5E+0,150.8E-3,,
30.6E+6,4.59,1.7E+0,1.5E+0,153.9E-3,,
31.0E+6,4.81,1.7E+0,1.6E+0,157.9E-3,,
31.4E+6,3.95,1.6E+0,1.4E+0,143.0E-3,,
31.8E+6,4.18,1.6E+0,1.5E+0,146.8E-3,,
32.3E+6,3.81,1.5E+0,1.4E+0,140.7E-3,,
32.8E+6,4.08,1.6E+0,1.5E+0,145.1E-3,,
33.2E+6,4.01,1.6E+0,1.4E+0,144.0E-3,,
33.7E+6,4.08,1.6E+0,1.5E+0,145.2E-3,,
34.2E+6,4.21,1.6E+0,1.5E+0,147.4E-3,,
34.6E+6,4.14,1.6E+0,1.5E+0,146.2E-3,,
35.1E+6,4.39,1.7E+0,1.5E+0,150.5E-3,,
35.6E+6,4.16,1.6E+0,1.5E+0,146.5E-3,,
36.0E+6,4.48,1.7E+0,1.5E+0,152.0E-3,,
36.5E+6,4.22,1.6E+0,1.5E+0,147.6E-3,,
37.0E+6,4.51,1.7E+0,1.5E+0,152.5E-3,,
37.4E+6,4.28,1.6E+0,1.5E+0,148.6E-3,,
37.9E+6,4.49,1.7E+0,1.5E+0,152.2E-3,,
38.4E+6,4.36,1.7E+0,1.5E+0,150.0E-3,,
38.8E+6,4.46,1.7E+0,1.5E+0,151.6E-3,,
39.3E+6,4.47,1.7E+0,1.5E+0,151.9E-3,,
39.8E+6,4.41,1.7E+0,1.5E+0,150.8E-3,,
40.2E+6,4.52,1.7E+0,1.5E+0,152.8E-3,,
40.7E+6,4.20,1.6E+0,1.5E+0,147.2E-3,,
41.2E+6,4.76,1.7E+0,1.6E+0,157.0E-3,,
41.6E+6,4.23,1.6E+0,1.5E+0,147.7E-3,,
42.1E+6,4.82,1.7E+0,1.6E+0,158.1E-3,,
42.6E+6,4.18,1.6E+0,1.5E+0,146.8E-3,,
43.0E+6,4.89,1.8E+0,1.6E+0,159.4E-3,,
43.6E+6,3.82,1.6E+0,1.4E+0,140.8E-3,,
44.2E+6,3.36,1.5E+0,1.3E+0,133.6E-3,,
44.9E+6,3.62,1.5E+0,1.4E+0,137.7E-3,,
45.5E+6,3.58,1.5E+0,1.4E+0,137.1E-3,,
46.2E+6,3.08,1.4E+0,1.3E+0,129.4E-3,,
46.8E+6,3.69,1.5E+0,1.4E+0,138.8E-3,,
47.5E+6,3.91,1.6E+0,1.4E+0,142.4E-3,,
48.1E+6,3.38,1.5E+0,1.3E+0,134.0E-3,,
48.7E+6,3.21,1.4E+0,1.3E+0,131.3E-3,,
49.4E+6,3.62,1.5E+0,1.4E+0,137.7E-3,,
50.0E+6,3.94,1.6E+0,1.4E+0,142.9E-3,,
50.7E+6,3.36,1.5E+0,1.3E+0,133.7E-3,,
51.3E+6,3.51,1.5E+0,1.4E+0,136.0E-3,,
52.0E+6,3.97,1.6E+0,1.4E+0,143.4E-3,,
52.6E+6,3.93,1.6E+0,1.4E+0,142.8E-3,,
53.3E+6,3.53,1.5E+0,1.4E+0,136.2E-3,,
53.9E+6,3.69,1.5E+0,1.4E+0,138.8E-3,,
54.6E+6,4.18,1.6E+0,1.5E+0,146.9E-3,,
55.2E+6,3.87,1.6E+0,1.4E+0,141.7E-3,,
55.9E+6,3.64,1.5E+0,1.4E+0,138.0E-3,,
56.5E+6,3.92,1.6E+0,1.4E+0,142.6E-3,,
57.2E+6,4.14,1.6E+0,1.5E+0,146.3E-3,,
57.8E+6,3.88,1.6E+0,1.4E+0,141.8E-3,,
58.5E+6,3.70,1.5E+0,1.4E+0,138.9E-3,,
59.1E+6,4.07,1.6E+0,1.5E+0,145.1E-3,,
59.8E+6,4.19,1.6E+0,1.5E+0,147.1E-3,,
60.5E+6,3.58,1.5E+0,1.4E+0,137.1E-3,,
61.4E+6,3.57,1.5E+0,1.4E+0,137.0E-3,,
62.3E+6,3.52,1.5E+0,1.4E+0,136.1E-3,,
63.2E+6,3.58,1.5E+0,1.4E+0,137.0E-3,,
64.1E+6,3.65,1.5E+0,1.4E+0,138.2E-3,,
65.0E+6,3.70,1.5E+0,1.4E+0,139.0E-3,,
65.9E+6,3.79,1.5E+0,1.4E+0,140.4E-3,,
66.8E+6,3.80,1.5E+0,1.4E+0,140.7E-3,,
67.7E+6,3.82,1.6E+0,1.4E+0,140.9E-3,,
68.6E+6,3.87,1.6E+0,1.4E+0,141.8E-3,,
69.5E+6,3.90,1.6E+0,1.4E+0,142.2E-3,,
70.4E+6,3.91,1.6E+0,1.4E+0,142.4E-3,,
71.3E+6,3.97,1.6E+0,1.4E+0,143.4E-3,,
72.2E+6,3.98,1.6E+0,1.4E+0,143.5E-3,,
73.1E+6,3.99,1.6E+0,1.4E+0,143.6E-3,,
74.0E+6,3.98,1.6E+0,1.4E+0,143.4E-3,,
74.9E+6,3.96,1.6E+0,1.4E+0,143.2E-3,,
75.8E+6,3.95,1.6E+0,1.4E+0,143.1E-3,,
76.7E+6,3.92,1.6E+0,1.4E+0,142.5E-3,,
77.6E+6,3.84,1.6E+0,1.4E+0,141.2E-3,,
78.5E+6,3.82,1.6E+0,1.4E+0,140.9E-3,,
79.4E+6,3.76,1.5E+0,1.4E+0,140.0E-3,,
80.3E+6,3.72,1.5E+0,1.4E+0,139.3E-3,,
81.2E+6,3.62,1.5E+0,1.4E+0,137.6E-3,,
82.1E+6,3.65,1.5E+0,1.4E+0,138.1E-3,,
83.0E+6,3.59,1.5E+0,1.4E+0,137.1E-3,,
84.0E+6,3.18,1.4E+0,1.3E+0,130.9E-3,,
85.3E+6,3.45,1.5E+0,1.3E+0,135.0E-3,,
86.5E+6,2.86,1.4E+0,1.3E+0,126.1E-3,,
87.8E+6,3.38,1.5E+0,1.3E+0,134.0E-3,,
89.0E+6,3.17,1.4E+0,1.3E+0,130.7E-3,,
90.3E+6,3.09,1.4E+0,1.3E+0,129.5E-3,,
91.5E+6,3.41,1.5E+0,1.3E+0,134.4E-3,,
92.8E+6,2.66,1.4E+0,1.2E+0,123.3E-3,,
94.0E+6,3.32,1.5E+0,1.3E+0,133.0E-3,,
95.3E+6,3.04,1.4E+0,1.3E+0,128.8E-3,,
96.5E+6,2.94,1.4E+0,1.3E+0,127.4E-3,,
97.8E+6,2.91,1.4E+0,1.3E+0,126.9E-3,,
99.0E+6,2.06,1.3E+0,1.2E+0,115.0E-3,,
100.3E+6,1.72,1.2E+0,1.1E+0,110.7E-3,,
101.5E+6,0.20,1.0E+0,928.5E-3,92.9E-3,,
102.8E+6,-0.89,902.9E-3,819.5E-3,82.0E-3,,
104.0E+6,-2.33,764.9E-3,694.3E-3,69.4E-3,,
105.3E+6,-3.73,651.2E-3,591.1E-3,59.1E-3,,
106.5E+6,-4.95,565.3E-3,513.1E-3,51.3E-3,,
107.8E+6,-6.37,480.5E-3,436.1E-3,43.6E-3,,
109.0E+6,-7.75,409.8E-3,371.9E-3,37.2E-3,,
110.3E+6,-9.14,349.1E-3,316.9E-3,31.7E-3,,
111.5E+6,-10.51,298.1E-3,270.5E-3,27.1E-3,,
112.8E+6,-11.91,253.9E-3,230.5E-3,23.0E-3,,
114.0E+6,-13.25,217.6E-3,197.5E-3,19.8E-3,,
115.3E+6,-14.77,182.6E-3,165.7E-3,16.6E-3,,
116.7E+6,-15.88,160.7E-3,145.9E-3,14.6E-3,,
118.4E+6,-17.64,131.2E-3,119.1E-3,11.9E-3,,
120.2E+6,-19.57,105.1E-3,95.4E-3,9.5E-3,,
121.9E+6,-21.44,84.8E-3,76.9E-3,7.7E-3,,
123.7E+6,-23.30,68.4E-3,62.0E-3,6.2E-3,,
125.4E+6,-25.28,54.5E-3,49.4E-3,4.9E-3,,
127.1E+6,-27.34,42.9E-3,39.0E-3,3.9E-3,,
128.9E+6,-29.34,34.1E-3,31.0E-3,3.1E-3,,
130.6E+6,-31.69,26.0E-3,23.6E-3,2.4E-3,,
132.3E+6,-34.01,19.9E-3,18.1E-3,1.8E-3,,
134.1E+6,-36.77,14.5E-3,13.2E-3,1.3E-3,,
135.8E+6,-39.61,10.5E-3,9.5E-3,948.8E-6,,
137.5E+6,-43.10,7.0E-3,6.4E-3,635.3E-6,,
139.3E+6,-47.20,4.4E-3,4.0E-3,396.1E-6,,
141.0E+6,-51.68,2.6E-3,2.4E-3,236.5E-6,,
142.7E+6,-53.21,2.2E-3,2.0E-3,198.4E-6,,
144.5E+6,-50.39,3.0E-3,2.7E-3,274.4E-6,,
146.2E+6,-48.12,3.9E-3,3.6E-3,356.6E-6,,
147.9E+6,-46.63,4.7E-3,4.2E-3,423.1E-6,,
149.7E+6,-45.62,5.2E-3,4.8E-3,475.3E-6,,
151.4E+6,-44.89,5.7E-3,5.2E-3,516.7E-6,,
153.1E+6,-44.58,5.9E-3,5.4E-3,535.9E-6,,
154.9E+6,-44.20,6.2E-3,5.6E-3,559.5E-6,,
156.6E+6,-44.20,6.2E-3,5.6E-3,559.9E-6,,
158.3E+6,-44.14,6.2E-3,5.6E-3,563.4E-6,,
160.1E+6,-44.24,6.1E-3,5.6E-3,556.8E-6,,
162.1E+6,-44.78,5.8E-3,5.2E-3,523.5E-6,,
164.5E+6,-45.29,5.4E-3,4.9E-3,493.4E-6,,
166.9E+6,-46.22,4.9E-3,4.4E-3,443.5E-6,,
169.3E+6,-46.94,4.5E-3,4.1E-3,408.0E-6,,
171.7E+6,-47.90,4.0E-3,3.7E-3,365.6E-6,,
174.1E+6,-49.25,3.4E-3,3.1E-3,312.9E-6,,
176.4E+6,-50.34,3.0E-3,2.8E-3,276.1E-6,,
178.8E+6,-51.86,2.6E-3,2.3E-3,231.8E-6,,
181.2E+6,-53.13,2.2E-3,2.0E-3,200.1E-6,,
183.6E+6,-54.66,1.8E-3,1.7E-3,167.8E-6,,
186.0E+6,-56.88,1.4E-3,1.3E-3,130.0E-6,,
188.4E+6,-58.30,1.2E-3,1.1E-3,110.3E-6,,
190.8E+6,-60.21,976.6E-6,886.4E-6,88.6E-6,,
193.2E+6,-63.16,695.1E-6,630.9E-6,63.1E-6,,
195.6E+6,-65.66,521.4E-6,473.3E-6,47.3E-6,,
198.0E+6,-69.91,319.4E-6,289.9E-6,29.0E-6,,
200.4E+6,-72.94,225.4E-6,204.6E-6,20.5E-6,,
202.8E+6,-79.21,109.5E-6,99.4E-6,9.9E-6,,
205.2E+6,-75.46,168.6E-6,153.0E-6,15.3E-6,,
207.5E+6,-82.50,75.0E-6,68.1E-6,6.8E-6,,
209.9E+6,-71.70,260.1E-6,236.1E-6,23.6E-6,,
212.3E+6,-70.48,299.4E-6,271.7E-6,27.2E-6,,
214.7E+6,-71.41,268.7E-6,243.9E-6,24.4E-6,,
217.1E+6,-69.67,328.3E-6,298.0E-6,29.8E-6,,
219.5E+6,-68.92,358.1E-6,325.0E-6,32.5E-6,,
222.3E+6,-68.90,359.0E-6,325.9E-6,32.6E-6,,
225.6E+6,-69.98,316.8E-6,287.6E-6,28.8E-6,,
228.9E+6,-71.14,277.3E-6,251.7E-6,25.2E-6,,
232.2E+6,-70.87,286.1E-6,259.7E-6,26.0E-6,,
235.5E+6,-71.34,271.2E-6,246.1E-6,24.6E-6,,
238.8E+6,-71.54,264.7E-6,240.3E-6,24.0E-6,,
242.1E+6,-71.94,253.0E-6,229.6E-6,23.0E-6,,
245.4E+6,-71.82,256.3E-6,232.7E-6,23.3E-6,,
248.7E+6,-72.67,232.5E-6,211.0E-6,21.1E-6,,
252.0E+6,-76.21,154.7E-6,140.4E-6,14.0E-6,,
255.3E+6,-76.62,147.6E-6,133.9E-6,13.4E-6,,
258.6E+6,-74.92,179.4E-6,162.8E-6,16.3E-6,,
261.9E+6,-78.06,125.0E-6,113.4E-6,11.3E-6,,
265.2E+6,-84.82,57.4E-6,52.1E-6,5.2E-6,,
268.5E+6,-81.54,83.7E-6,76.0E-6,7.6E-6,,
271.8E+6,-79.29,108.5E-6,98.5E-6,9.8E-6,,
275.1E+6,-91.03,28.1E-6,25.5E-6,2.5E-6,,
278.4E+6,-88.96,35.6E-6,32.4E-6,3.2E-6,,
281.7E+6,-84.03,62.8E-6,57.0E-6,5.7E-6,,
285.0E+6,-84.23,61.4E-6,55.8E-6,5.6E-6,,
288.3E+6,-94.13,19.6E-6,17.8E-6,1.8E-6,,
291.6E+6,-83.35,68.0E-6,61.7E-6,6.2E-6,,
294.9E+6,-85.59,52.6E-6,47.7E-6,4.8E-6,,
298.3E+6,-83.85,64.2E-6,58.3E-6,5.8E-6,,
301.6E+6,-80.39,95.6E-6,86.8E-6,8.7E-6,,
304.9E+6,-82.67,73.5E-6,66.7E-6,6.7E-6,,
308.7E+6,-79.27,108.8E-6,98.8E-6,9.9E-6,,
313.3E+6,-87.28,43.2E-6,39.3E-6,3.9E-6,,
317.9E+6,-80.73,92.0E-6,83.5E-6,8.3E-6,,
322.5E+6,-77.98,126.2E-6,114.5E-6,11.5E-6,,
327.1E+6,-82.44,75.5E-6,68.5E-6,6.9E-6,,
331.7E+6,-78.97,112.6E-6,102.2E-6,10.2E-6,,
336.2E+6,-80.74,91.9E-6,83.4E-6,8.3E-6,,
340.8E+6,-76.59,148.1E-6,134.4E-6,13.4E-6,,
345.4E+6,-84.36,60.5E-6,55.0E-6,5.5E-6,,
350.0E+6,-82.77,72.7E-6,66.0E-6,6.6E-6,,
354.6E+6,-82.07,78.8E-6,71.5E-6,7.2E-6,,
359.2E+6,-82.28,76.9E-6,69.8E-6,7.0E-6,,
363.8E+6,-83.17,69.5E-6,63.0E-6,6.3E-6,,
368.4E+6,-79.08,111.1E-6,100.9E-6,10.1E-6,,
372.9E+6,-87.55,41.9E-6,38.1E-6,3.8E-6,,
377.5E+6,-79.14,110.4E-6,100.3E-6,10.0E-6,,
382.1E+6,-81.86,80.8E-6,73.3E-6,7.3E-6,,
386.7E+6,-82.32,76.6E-6,69.5E-6,7.0E-6,,
391.3E+6,-82.75,72.9E-6,66.2E-6,6.6E-6,,
395.9E+6,-76.78,144.9E-6,131.5E-6,13.1E-6,,
400.5E+6,-77.53,132.9E-6,120.6E-6,12.1E-6,,
405.0E+6,-80.76,91.6E-6,83.2E-6,8.3E-6,,
409.6E+6,-87.48,42.3E-6,38.4E-6,3.8E-6,,
414.2E+6,-79.02,112.0E-6,101.7E-6,10.2E-6,,
418.8E+6,-79.00,112.2E-6,101.9E-6,10.2E-6,,
423.4E+6,-87.05,44.4E-6,40.3E-6,4.0E-6,,
428.8E+6,-79.35,107.8E-6,97.8E-6,9.8E-6,,
435.1E+6,-81.69,82.3E-6,74.7E-6,7.5E-6,,
441.5E+6,-85.53,52.9E-6,48.0E-6,4.8E-6,,
447.9E+6,-80.84,90.8E-6,82.4E-6,8.2E-6,,
454.2E+6,-85.37,53.9E-6,48.9E-6,4.9E-6,,
460.6E+6,-81.82,81.1E-6,73.6E-6,7.4E-6,,
467.0E+6,-84.26,61.2E-6,55.6E-6,5.6E-6,,
473.4E+6,-85.55,52.8E-6,47.9E-6,4.8E-6,,
479.7E+6,-80.30,96.7E-6,87.7E-6,8.8E-6,,
486.1E+6,-79.05,111.5E-6,101.2E-6,10.1E-6,,
492.5E+6,-80.67,92.6E-6,84.0E-6,8.4E-6,,
498.8E+6,-74.59,186.3E-6,169.1E-6,16.9E-6,,
505.2E+6,-80.15,98.3E-6,89.2E-6,8.9E-6,,
511.6E+6,-81.72,82.0E-6,74.4E-6,7.4E-6,,
517.9E+6,-82.56,74.5E-6,67.6E-6,6.8E-6,,
524.3E+6,-76.78,144.9E-6,131.6E-6,13.2E-6,,
530.7E+6,-91.18,27.6E-6,25.1E-6,2.5E-6,,
537.1E+6,-79.74,103.0E-6,93.5E-6,9.4E-6,,
543.4E+6,-84.51,59.5E-6,54.0E-6,5.4E-6,,
549.8E+6,-85.53,52.9E-6,48.0E-6,4.8E-6,,
556.2E+6,-98.32,12.1E-6,11.0E-6,1.1E-6,,
562.5E+6,-83.76,64.9E-6,58.9E-6,5.9E-6,,
568.9E+6,-86.94,45.0E-6,40.8E-6,4.1E-6,,
575.3E+6,-84.72,58.1E-6,52.7E-6,5.3E-6,,
581.6E+6,-83.97,63.3E-6,57.4E-6,5.7E-6,,
588.0E+6,-86.22,48.9E-6,44.4E-6,4.4E-6,,
595.5E+6,-90.49,29.9E-6,27.1E-6,2.7E-6,,
604.3E+6,-83.49,66.9E-6,60.7E-6,6.1E-6,,
613.2E+6,-83.12,69.8E-6,63.4E-6,6.3E-6,,
622.0E+6,-90.72,29.1E-6,26.4E-6,2.6E-6,,
630.9E+6,-93.32,21.6E-6,19.6E-6,2.0E-6,,
639.7E+6,-79.02,111.9E-6,101.6E-6,10.2E-6,,
648.6E+6,-79.76,102.8E-6,93.3E-6,9.3E-6,,
657.4E+6,-95.09,17.6E-6,16.0E-6,1.6E-6,,
666.3E+6,-85.05,55.9E-6,50.8E-6,5.1E-6,,
675.1E+6,-84.17,61.8E-6,56.1E-6,5.6E-6,,
683.9E+6,-97.97,12.6E-6,11.5E-6,1.1E-6,,
692.8E+6,-89.28,34.4E-6,31.2E-6,3.1E-6,,
701.6E+6,-92.01,25.1E-6,22.8E-6,2.3E-6,,
710.5E+6,-84.49,59.6E-6,54.1E-6,5.4E-6,,
719.3E+6,-81.21,87.0E-6,78.9E-6,7.9E-6,,
728.2E+6,-87.01,44.6E-6,40.5E-6,4.1E-6,,
737.0E+6,-81.63,82.9E-6,75.2E-6,7.5E-6,,
745.9E+6,-88.40,38.0E-6,34.5E-6,3.5E-6,,
754.7E+6,-79.59,104.9E-6,95.2E-6,9.5E-6,,
763.6E+6,-88.14,39.2E-6,35.5E-6,3.6E-6,,
772.4E+6,-85.80,51.3E-6,46.5E-6,4.7E-6,,
781.3E+6,-78.00,126.0E-6,114.3E-6,11.4E-6,,
790.1E+6,-82.29,76.8E-6,69.7E-6,7.0E-6,,
798.9E+6,-86.75,46.0E-6,41.7E-6,4.2E-6,,
807.8E+6,-80.38,95.7E-6,86.9E-6,8.7E-6,,
816.6E+6,-81.58,83.4E-6,75.7E-6,7.6E-6,,
827.0E+6,-89.92,31.9E-6,29.0E-6,2.9E-6,,
839.3E+6,-90.49,29.9E-6,27.1E-6,2.7E-6,,
851.6E+6,-91.58,26.4E-6,23.9E-6,2.4E-6,,
863.9E+6,-77.87,127.7E-6,115.9E-6,11.6E-6,,
876.2E+6,-82.52,74.8E-6,67.9E-6,6.8E-6,,
888.4E+6,-88.44,37.8E-6,34.3E-6,3.4E-6,,
900.7E+6,-83.33,68.2E-6,61.9E-6,6.2E-6,,
913.0E+6,-80.93,89.9E-6,81.6E-6,8.2E-6,,
925.3E+6,-82.28,76.9E-6,69.8E-6,7.0E-6,,
937.6E+6,-85.92,50.6E-6,45.9E-6,4.6E-6,,
949.9E+6,-80.12,98.7E-6,89.6E-6,9.0E-6,,
962.2E+6,-82.15,78.1E-6,70.8E-6,7.1E-6,,
974.4E+6,-80.07,99.2E-6,90.0E-6,9.0E-6,,
986.7E+6,-83.09,70.1E-6,63.6E-6,6.4E-6,,
999.0E+6,-87.29,43.2E-6,39.2E-6,3.9E-6,,
1.0E+9,-101.77,8.2E-6,7.4E-6,740.7E-9,,
1.0E+9,-81.85,80.8E-6,73.4E-6,7.3E-6,,
1.0E+9,-89.73,32.6E-6,29.6E-6,3.0E-6,,
1.0E+9,-82.56,74.4E-6,67.6E-6,6.8E-6,,
1.1E+9,-92.88,22.7E-6,20.6E-6,2.1E-6,,
1.1E+9,-79.63,104.4E-6,94.7E-6,9.5E-6,,
1.1E+9,-84.52,59.4E-6,54.0E-6,5.4E-6,,
1.1E+9,-80.24,97.3E-6,88.3E-6,8.8E-6,,
1.1E+9,-88.37,38.2E-6,34.6E-6,3.5E-6,,
1.1E+9,-81.25,86.6E-6,78.6E-6,7.9E-6,,
1.1E+9,-88.20,38.9E-6,35.3E-6,3.5E-6,,
1.1E+9,-76.41,151.2E-6,137.2E-6,13.7E-6,,
1.2E+9,-94.20,19.5E-6,17.7E-6,1.8E-6,,
1.2E+9,-81.57,83.4E-6,75.7E-6,7.6E-6,,
1.2E+9,-81.93,80.1E-6,72.7E-6,7.3E-6,,
1.2E+9,-85.65,52.2E-6,47.4E-6,4.7E-6,,
1.2E+9,-83.59,66.1E-6,60.0E-6,6.0E-6,,
1.3E+9,-84.52,59.4E-6,53.9E-6,5.4E-6,,
1.3E+9,-79.74,103.0E-6,93.5E-6,9.3E-6,,
1.3E+9,-79.81,102.2E-6,92.8E-6,9.3E-6,,
1.3E+9,-94.73,18.3E-6,16.7E-6,1.7E-6,,
1.3E+9,-86.32,48.3E-6,43.8E-6,4.4E-6,,
1.3E+9,-93.41,21.3E-6,19.4E-6,1.9E-6,,
1.4E+9,-98.44,12.0E-6,10.9E-6,1.1E-6,,
1.4E+9,-79.72,103.3E-6,93.8E-6,9.4E-6,,
1.4E+9,-84.49,59.6E-6,54.1E-6,5.4E-6,,
1.4E+9,-90.36,30.3E-6,27.5E-6,2.8E-6,,
1.4E+9,-103.31,6.8E-6,6.2E-6,619.8E-9,,
1.4E+9,-84.17,61.9E-6,56.2E-6,5.6E-6,,
1.5E+9,-81.54,83.7E-6,76.0E-6,7.6E-6,,
1.5E+9,-98.48,11.9E-6,10.8E-6,1.1E-6,,
1.5E+9,-83.82,64.4E-6,58.5E-6,5.8E-6,,
1.5E+9,-95.21,17.4E-6,15.8E-6,1.6E-6,,
1.5E+9,-89.27,34.4E-6,31.2E-6,3.1E-6,,
1.5E+9,-85.29,54.4E-6,49.4E-6,4.9E-6,,
1.6E+9,-92.85,22.8E-6,20.7E-6,2.1E-6,,
1.6E+9,-88.33,38.3E-6,34.8E-6,3.5E-6,,
1.6E+9,-81.07,88.5E-6,80.3E-6,8.0E-6,,
1.6E+9,-84.89,56.9E-6,51.7E-6,5.2E-6,,
1.6E+9,-89.34,34.1E-6,31.0E-6,3.1E-6,,
1.7E+9,-85.86,50.9E-6,46.2E-6,4.6E-6,,
1.7E+9,-109.46,3.4E-6,3.1E-6,305.3E-9,,
1.7E+9,-84.94,56.6E-6,51.4E-6,5.1E-6,,
1.7E+9,-85.77,51.4E-6,46.7E-6,4.7E-6,,
1.8E+9,-90.19,30.9E-6,28.1E-6,2.8E-6,,
1.8E+9,-79.29,108.5E-6,98.4E-6,9.8E-6,,
1.8E+9,-79.09,111.0E-6,100.8E-6,10.1E-6,,
1.8E+9,-82.56,74.5E-6,67.6E-6,6.8E-6,,
1.9E+9,-77.46,134.0E-6,121.6E-6,12.2E-6,,
1.9E+9,-82.25,77.1E-6,70.0E-6,7.0E-6,,
1.9E+9,-78.77,115.2E-6,104.6E-6,10.5E-6,,
1.9E+9,-73.74,205.5E-6,186.5E-6,18.7E-6,,
1.9E+9,-69.65,329.3E-6,298.9E-6,29.9E-6,,
2.0E+9,-70.95,283.5E-6,257.3E-6,25.7E-6,,
2.0E+9,-74.88,180.4E-6,163.7E-6,16.4E-6,,
2.0E+9,-72.21,245.1E-6,222.5E-6,22.2E-6,,
2.0E+9,-69.12,349.8E-6,317.5E-6,31.7E-6,,
2.1E+9,-68.66,369.1E-6,335.0E-6,33.5E-6,,
2.1E+9,-92.81,22.9E-6,20.8E-6,2.1E-6,,
2.1E+9,-80.73,91.9E-6,83.4E-6,8.3E-6,,
2.1E+9,-81.36,85.5E-6,77.6E-6,7.8E-6,,
2.2E+9,-71.11,278.3E-6,252.6E-6,25.3E-6,,
2.2E+9,-75.51,167.6E-6,152.1E-6,15.2E-6,,
2.2E+9,-79.41,107.0E-6,97.2E-6,9.7E-6,,
2.3E+9,-76.45,150.5E-6,136.6E-6,13.7E-6,,
2.3E+9,-69.39,339.4E-6,308.1E-6,30.8E-6,,
2.3E+9,-74.63,185.6E-6,168.5E-6,16.8E-6,,
2.4E+9,-75.51,167.6E-6,152.1E-6,15.2E-6,,
2.4E+9,-73.26,217.3E-6,197.3E-6,19.7E-6,,
2.4E+9,-85.10,55.6E-6,50.4E-6,5.0E-6,,
2.4E+9,-81.20,87.1E-6,79.0E-6,7.9E-6,,
2.5E+9,-76.60,148.0E-6,134.3E-6,13.4E-6,,
2.5E+9,-75.02,177.5E-6,161.1E-6,16.1E-6,,
2.5E+9,-73.57,209.6E-6,190.2E-6,19.0E-6,,
2.6E+9,-79.60,104.7E-6,95.0E-6,9.5E-6,,
2.6E+9,-86.11,49.5E-6,44.9E-6,4.5E-6,,
2.6E+9,-85.90,50.7E-6,46.0E-6,4.6E-6,,
2.7E+9,-82.65,73.7E-6,66.9E-6,6.7E-6,,
2.7E+9,-92.62,23.4E-6,21.2E-6,2.1E-6,,
2.7E+9,-93.62,20.9E-6,18.9E-6,1.9E-6,,
2.8E+9,-86.94,45.0E-6,40.8E-6,4.1E-6,,
2.8E+9,-87.85,40.5E-6,36.8E-6,3.7E-6,,
2.8E+9,-86.31,48.4E-6,43.9E-6,4.4E-6,,
2.9E+9,-94.12,19.7E-6,17.9E-6,1.8E-6,,
2.9E+9,-83.73,65.1E-6,59.1E-6,5.9E-6,,
2.9E+9,-80.46,94.8E-6,86.1E-6,8.6E-6,,
3.0E+9,-89.93,31.9E-6,28.9E-6,2.9E-6,,
3.0E+9,-80.95,89.6E-6,81.3E-6,8.1E-6,,